{"timestamp": null, "level": null, "name": "apps.users.models", "message": "User created: admin@zic.com (ID: b74c867e-2d25-430d-9840-91fc326ca17a)"}
{"timestamp": null, "level": null, "name": "apps.core.request", "message": "[req_4392afe14561] GET /api/v1/health/ -> 200 (0.06s) [anonymous]"}
{"timestamp": null, "level": null, "name": "apps.core.exceptions", "message": "Unhandled exception: AxesBackend requires a request as an argument to authenticate", "exc_info": "Traceback (most recent call last):\n  File \"/Users/phantomx/Desktop/ZIC/backend/venv/lib/python3.14/site-packages/rest_framework/views.py\", line 512, in dispatch\n    response = handler(request, *args, **kwargs)\n  File \"/Users/phantomx/Desktop/ZIC/backend/apps/authentication/views.py\", line 70, in post\n    serializer.is_valid(raise_exception=True)\n    ~~~~~~~~~~~~~~~~~~~^^^^^^^^^^^^^^^^^^^^^^\n  File \"/Users/phantomx/Desktop/ZIC/backend/venv/lib/python3.14/site-packages/rest_framework/serializers.py\", line 225, in is_valid\n    self._validated_data = self.run_validation(self.initial_data)\n                           ~~~~~~~~~~~~~~~~~~~^^^^^^^^^^^^^^^^^^^\n  File \"/Users/phantomx/Desktop/ZIC/backend/venv/lib/python3.14/site-packages/rest_framework/serializers.py\", line 459, in run_validation\n    value = self.validate(value)\n  File \"/Users/phantomx/Desktop/ZIC/backend/apps/authentication/serializers.py\", line 40, in validate\n    auth_user = authenticate(username=username, password=password)\n  File \"/Users/phantomx/Desktop/ZIC/backend/venv/lib/python3.14/site-packages/django/views/decorators/debug.py\", line 75, in sensitive_variables_wrapper\n    return func(*func_args, **func_kwargs)\n  File \"/Users/phantomx/Desktop/ZIC/backend/venv/lib/python3.14/site-packages/django/contrib/auth/__init__.py\", line 79, in authenticate\n    user = backend.authenticate(request, **credentials)\n  File \"/Users/phantomx/Desktop/ZIC/backend/venv/lib/python3.14/site-packages/axes/helpers.py\", line 646, in inner\n    return func(*args, **kwargs)\n  File \"/Users/phantomx/Desktop/ZIC/backend/venv/lib/python3.14/site-packages/axes/backends.py\", line 46, in authenticate\n    raise AxesBackendRequestParameterRequired(\n        \"AxesBackend requires a request as an argument to authenticate\"\n    )\naxes.exceptions.AxesBackendRequestParameterRequired: AxesBackend requires a request as an argument to authenticate"}
{"timestamp": null, "level": null, "name": "apps.core.request", "message": "[req_11cc7571224a] POST /api/v1/auth/login/ -> 500 (0.14s) [anonymous]"}
{"timestamp": null, "level": null, "name": "apps.core.request", "message": "[req_e5a62806f91b] GET /api/docs/ -> 200 (0.01s) [anonymous]"}
{"timestamp": null, "level": null, "name": "apps.core.exceptions", "message": "Unhandled exception: The `read_only_fields` option must be a list or tuple. Got str.", "exc_info": "Traceback (most recent call last):\n  File \"/Users/phantomx/Desktop/ZIC/backend/venv/lib/python3.14/site-packages/rest_framework/views.py\", line 512, in dispatch\n    response = handler(request, *args, **kwargs)\n  File \"/Users/phantomx/Desktop/ZIC/backend/venv/lib/python3.14/site-packages/drf_spectacular/views.py\", line 84, in get\n    return self._get_schema_response(request)\n           ~~~~~~~~~~~~~~~~~~~~~~~~~^^^^^^^^^\n  File \"/Users/phantomx/Desktop/ZIC/backend/venv/lib/python3.14/site-packages/drf_spectacular/views.py\", line 92, in _get_schema_response\n    data=generator.get_schema(request=request, public=self.serve_public),\n         ~~~~~~~~~~~~~~~~~~~~^^^^^^^^^^^^^^^^^^^^^^^^^^^^^^^^^^^^^^^^^^^\n  File \"/Users/phantomx/Desktop/ZIC/backend/venv/lib/python3.14/site-packages/drf_spectacular/generators.py\", line 287, in get_schema\n    paths=self.parse(request, public),\n          ~~~~~~~~~~^^^^^^^^^^^^^^^^^\n  File \"/Users/phantomx/Desktop/ZIC/backend/venv/lib/python3.14/site-packages/drf_spectacular/generators.py\", line 258, in parse\n    operation = view.schema.get_operation(\n        path, path_regex, path_prefix, method, self.registry\n    )\n  File \"/Users/phantomx/Desktop/ZIC/backend/venv/lib/python3.14/site-packages/drf_spectacular/openapi.py\", line 113, in get_operation\n    operation['responses'] = self._get_response_bodies()\n                             ~~~~~~~~~~~~~~~~~~~~~~~~~^^\n  File \"/Users/phantomx/Desktop/ZIC/backend/venv/lib/python3.14/site-packages/drf_spectacular/openapi.py\", line 1407, in _get_response_bodies\n    return {'200': self._get_response_for_code(response_serializers, '200', direction=direction)}\n                   ~~~~~~~~~~~~~~~~~~~~~~~~~~~^^^^^^^^^^^^^^^^^^^^^^^^^^^^^^^^^^^^^^^^^^^^^^^^^^\n  File \"/Users/phantomx/Desktop/ZIC/backend/venv/lib/python3.14/site-packages/drf_spectacular/openapi.py\", line 1463, in _get_response_for_code\n    component = self.resolve_serializer(serializer, direction)\n  File \"/Users/phantomx/Desktop/ZIC/backend/venv/lib/python3.14/site-packages/drf_spectacular/openapi.py\", line 1658, in resolve_serializer\n    component.schema = self._map_serializer(serializer, direction, bypass_extensions)\n                       ~~~~~~~~~~~~~~~~~~~~^^^^^^^^^^^^^^^^^^^^^^^^^^^^^^^^^^^^^^^^^^\n  File \"/Users/phantomx/Desktop/ZIC/backend/venv/lib/python3.14/site-packages/drf_spectacular/openapi.py\", line 959, in _map_serializer\n    schema = self._map_basic_serializer(serializer, direction)\n  File \"/Users/phantomx/Desktop/ZIC/backend/venv/lib/python3.14/site-packages/drf_spectacular/openapi.py\", line 1052, in _map_basic_serializer\n    for field in serializer.fields.values():\n                 ^^^^^^^^^^^^^^^^^\n  File \"/Users/phantomx/Desktop/ZIC/backend/venv/lib/python3.14/site-packages/django/utils/functional.py\", line 47, in __get__\n    res = instance.__dict__[self.name] = self.func(instance)\n                                         ~~~~~~~~~^^^^^^^^^^\n  File \"/Users/phantomx/Desktop/ZIC/backend/venv/lib/python3.14/site-packages/rest_framework/serializers.py\", line 386, in fields\n    for key, value in self.get_fields().items():\n                      ~~~~~~~~~~~~~~~^^\n  File \"/Users/phantomx/Desktop/ZIC/backend/venv/lib/python3.14/site-packages/rest_framework/serializers.py\", line 1105, in get_fields\n    extra_kwargs = self.get_extra_kwargs()\n  File \"/Users/phantomx/Desktop/ZIC/backend/venv/lib/python3.14/site-packages/rest_framework/serializers.py\", line 1435, in get_extra_kwargs\n    raise TypeError(\n    ...<2 lines>...\n    )\nTypeError: The `read_only_fields` option must be a list or tuple. Got str."}
{"timestamp": null, "level": null, "name": "apps.core.request", "message": "[req_9c3bf44ea500] GET /api/schema/ -> 500 (6.32s) [anonymous]"}
{"timestamp": null, "level": null, "name": "apps.core.request", "message": "[req_c18b37dbd85c] GET / -> 404 (0.01s) [anonymous]"}
{"timestamp": null, "level": null, "name": "apps.core.request", "message": "[req_df6bb408640f] GET / -> 404 (0.01s) [anonymous]"}
{"timestamp": null, "level": null, "name": "apps.core.request", "message": "[req_dea7aad03719] GET /favicon.ico -> 404 (0.01s) [anonymous]"}
{"timestamp": null, "level": null, "name": "apps.core.request", "message": "[req_d907ec4f2ec2] GET /admin/ -> 302 (0.02s) [anonymous]"}
{"timestamp": null, "level": null, "name": "apps.core.request", "message": "[req_480182eabaad] GET /admin/login/ -> 302 (0.00s) [anonymous]"}
{"timestamp": null, "level": null, "name": "apps.core.request", "message": "[req_ad4f863dec18] GET /admin/login/ -> 302 (0.00s) [anonymous]"}
{"timestamp": null, "level": null, "name": "apps.core.request", "message": "[req_07827224b518] GET /admin/login/ -> 302 (0.00s) [anonymous]"}
{"timestamp": null, "level": null, "name": "apps.core.request", "message": "[req_4a17a674c0af] GET /admin/login/ -> 302 (0.00s) [anonymous]"}
{"timestamp": null, "level": null, "name": "apps.core.request", "message": "[req_80be3af527fa] GET /admin/login/ -> 302 (0.00s) [anonymous]"}
{"timestamp": null, "level": null, "name": "apps.core.request", "message": "[req_749bcccd5402] GET /admin/login/ -> 302 (0.00s) [anonymous]"}
{"timestamp": null, "level": null, "name": "apps.core.request", "message": "[req_ad261536257a] GET /admin/login/ -> 302 (0.00s) [anonymous]"}
{"timestamp": null, "level": null, "name": "apps.core.request", "message": "[req_d3c938651fcf] GET /admin/login/ -> 302 (0.00s) [anonymous]"}
{"timestamp": null, "level": null, "name": "apps.core.request", "message": "[req_06e16a9108a9] GET /admin/login/ -> 302 (0.00s) [anonymous]"}
{"timestamp": null, "level": null, "name": "apps.core.request", "message": "[req_0d194a0172cf] GET /admin/login/ -> 302 (0.00s) [anonymous]"}
{"timestamp": null, "level": null, "name": "apps.core.request", "message": "[req_f0543de55c47] GET /admin/login/ -> 302 (0.00s) [anonymous]"}
{"timestamp": null, "level": null, "name": "apps.core.request", "message": "[req_140d06981bb9] GET /admin/login/ -> 302 (0.00s) [anonymous]"}
{"timestamp": null, "level": null, "name": "apps.core.request", "message": "[req_b6cbe1c6dd1d] GET /admin/login/ -> 302 (0.00s) [anonymous]"}
{"timestamp": null, "level": null, "name": "apps.core.request", "message": "[req_ed1fd52a8589] GET /admin/login/ -> 302 (0.00s) [anonymous]"}
{"timestamp": null, "level": null, "name": "apps.core.request", "message": "[req_1b7505c58001] GET /admin/login/ -> 302 (0.00s) [anonymous]"}
{"timestamp": null, "level": null, "name": "apps.core.request", "message": "[req_da6c2e907960] GET /admin/login/ -> 302 (0.00s) [anonymous]"}
{"timestamp": null, "level": null, "name": "apps.core.request", "message": "[req_6d2212654e99] GET /admin/login/ -> 302 (0.00s) [anonymous]"}
{"timestamp": null, "level": null, "name": "apps.core.request", "message": "[req_41b6ef9f4ce4] GET /admin/login/ -> 302 (0.00s) [anonymous]"}
{"timestamp": null, "level": null, "name": "apps.core.request", "message": "[req_54f2d5a01af4] GET /admin/login/ -> 302 (0.00s) [anonymous]"}
{"timestamp": null, "level": null, "name": "apps.core.request", "message": "[req_8454e0e2dbef] GET /admin/login/ -> 302 (0.00s) [anonymous]"}
{"timestamp": null, "level": null, "name": "apps.core.request", "message": "[req_c3d7fd719dc8] GET /admin/login/ -> 302 (0.00s) [anonymous]"}
{"timestamp": null, "level": null, "name": "apps.core.request", "message": "[req_fe43fbf86e4b] GET /admin/login/ -> 302 (0.00s) [anonymous]"}
{"timestamp": null, "level": null, "name": "apps.core.request", "message": "[req_e1c5383822c8] GET /admin/login/ -> 302 (0.00s) [anonymous]"}
{"timestamp": null, "level": null, "name": "apps.core.request", "message": "[req_136b1f67212f] GET /admin/login/ -> 302 (0.00s) [anonymous]"}
{"timestamp": null, "level": null, "name": "apps.core.request", "message": "[req_b6e79791ad4a] GET /admin/login/ -> 302 (0.00s) [anonymous]"}
{"timestamp": null, "level": null, "name": "apps.core.request", "message": "[req_9900e3c5d72b] GET /admin/login/ -> 302 (0.00s) [anonymous]"}
{"timestamp": null, "level": null, "name": "apps.core.request", "message": "[req_4e45c26ba4aa] GET /admin/login/ -> 302 (0.00s) [anonymous]"}
{"timestamp": null, "level": null, "name": "apps.core.request", "message": "[req_02ab5b1e1258] GET /admin/login/ -> 302 (0.00s) [anonymous]"}
{"timestamp": null, "level": null, "name": "apps.core.request", "message": "[req_b8ca5633c632] GET /admin/login/ -> 302 (0.00s) [anonymous]"}
{"timestamp": null, "level": null, "name": "apps.core.request", "message": "[req_df15a3744775] GET /admin/login/ -> 302 (0.00s) [anonymous]"}
{"timestamp": null, "level": null, "name": "apps.core.request", "message": "[req_d48ce7830fc9] GET /admin/login/ -> 302 (0.00s) [anonymous]"}
{"timestamp": null, "level": null, "name": "apps.core.request", "message": "[req_6227818ebde8] GET /admin/login/ -> 302 (0.00s) [anonymous]"}
{"timestamp": null, "level": null, "name": "apps.core.request", "message": "[req_f72cc2e7e311] GET /admin/login/ -> 302 (0.00s) [anonymous]"}
{"timestamp": null, "level": null, "name": "apps.core.request", "message": "[req_82f7a3dbaf62] GET /admin/login/ -> 302 (0.00s) [anonymous]"}
{"timestamp": null, "level": null, "name": "apps.core.request", "message": "[req_d83dfb6f7593] GET /admin/login/ -> 302 (0.00s) [anonymous]"}
{"timestamp": null, "level": null, "name": "apps.core.request", "message": "[req_8a5084593546] GET /admin/login/ -> 302 (0.00s) [anonymous]"}
{"timestamp": null, "level": null, "name": "apps.core.request", "message": "[req_ec66534a7703] GET /admin/login/ -> 302 (0.00s) [anonymous]"}
{"timestamp": null, "level": null, "name": "apps.core.request", "message": "[req_e22aaed6d18c] GET /admin/login/ -> 302 (0.00s) [anonymous]"}
{"timestamp": null, "level": null, "name": "apps.core.request", "message": "[req_1ae40356d2cd] GET /admin/login/ -> 302 (0.00s) [anonymous]"}
{"timestamp": null, "level": null, "name": "apps.core.request", "message": "[req_82e18d31e326] GET /admin/login/ -> 302 (0.00s) [anonymous]"}
{"timestamp": null, "level": null, "name": "apps.core.request", "message": "[req_e4a50b231a6c] GET /admin/login/ -> 302 (0.00s) [anonymous]"}
{"timestamp": null, "level": null, "name": "apps.core.request", "message": "[req_4c8505f6a2d1] GET /admin/login/ -> 302 (0.00s) [anonymous]"}
{"timestamp": null, "level": null, "name": "apps.core.request", "message": "[req_9c7db4e7e42f] GET /admin/login/ -> 302 (0.00s) [anonymous]"}
{"timestamp": null, "level": null, "name": "apps.core.request", "message": "[req_d8d95adc4845] GET /admin/login/ -> 302 (0.00s) [anonymous]"}
{"timestamp": null, "level": null, "name": "apps.core.request", "message": "[req_a33b35114cc5] GET /admin/login/ -> 302 (0.00s) [anonymous]"}
{"timestamp": null, "level": null, "name": "apps.core.request", "message": "[req_ca6f8c7b8f2e] GET /admin/login/ -> 302 (0.00s) [anonymous]"}
{"timestamp": null, "level": null, "name": "apps.core.request", "message": "[req_d19818430129] GET /admin/login/ -> 302 (0.00s) [anonymous]"}
{"timestamp": null, "level": null, "name": "apps.core.request", "message": "[req_ca90aa8f299b] GET /admin/login/ -> 302 (0.00s) [anonymous]"}
{"timestamp": null, "level": null, "name": "apps.core.request", "message": "[req_e08291351cbd] GET /admin/login/ -> 302 (0.00s) [anonymous]"}
{"timestamp": null, "level": null, "name": "apps.core.request", "message": "[req_d0ed8ac3b8f1] GET /admin/login/ -> 302 (0.00s) [anonymous]"}
{"timestamp": null, "level": null, "name": "apps.core.request", "message": "[req_5af4ad8453c9] GET /admin/login/ -> 302 (0.00s) [anonymous]"}
{"timestamp": null, "level": null, "name": "apps.core.request", "message": "[req_5e7110948f50] GET /admin/login/ -> 302 (0.00s) [anonymous]"}
{"timestamp": null, "level": null, "name": "apps.core.request", "message": "[req_ad3edc293afd] GET /admin/login/ -> 302 (0.00s) [anonymous]"}
{"timestamp": null, "level": null, "name": "apps.core.request", "message": "[req_6e04188d1106] GET /admin/login/ -> 302 (0.00s) [anonymous]"}
{"timestamp": null, "level": null, "name": "apps.core.request", "message": "[req_9ec2fedc7c1b] GET /admin/login/ -> 302 (0.00s) [anonymous]"}
{"timestamp": null, "level": null, "name": "apps.core.request", "message": "[req_8c6807d70b68] GET /admin/login/ -> 302 (0.00s) [anonymous]"}
{"timestamp": null, "level": null, "name": "apps.core.request", "message": "[req_1d8a42901ffc] GET /admin/login/ -> 302 (0.00s) [anonymous]"}
{"timestamp": null, "level": null, "name": "apps.core.request", "message": "[req_a65b22429e4c] GET /admin/login/ -> 302 (0.00s) [anonymous]"}
{"timestamp": null, "level": null, "name": "apps.core.request", "message": "[req_6c497b52d8b9] GET /admin/login/ -> 302 (0.00s) [anonymous]"}
{"timestamp": null, "level": null, "name": "apps.core.request", "message": "[req_f865a6e14958] GET /admin/login/ -> 302 (0.00s) [anonymous]"}
{"timestamp": null, "level": null, "name": "apps.core.request", "message": "[req_db2707c703c3] GET /admin/login/ -> 302 (0.00s) [anonymous]"}
{"timestamp": null, "level": null, "name": "apps.core.request", "message": "[req_31c4ae3f02fa] GET /admin/login/ -> 302 (0.00s) [anonymous]"}
{"timestamp": null, "level": null, "name": "apps.core.request", "message": "[req_ecfc922d84b5] GET /admin/login/ -> 302 (0.00s) [anonymous]"}
{"timestamp": null, "level": null, "name": "apps.core.request", "message": "[req_8e273000227d] GET /admin/login/ -> 302 (0.00s) [anonymous]"}
{"timestamp": null, "level": null, "name": "apps.core.request", "message": "[req_544040d2e4f9] GET /admin/login/ -> 302 (0.00s) [anonymous]"}
{"timestamp": null, "level": null, "name": "apps.core.request", "message": "[req_2273560ff297] GET /admin/login/ -> 302 (0.00s) [anonymous]"}
{"timestamp": null, "level": null, "name": "apps.core.request", "message": "[req_0e32263dafd4] GET /admin/login/ -> 302 (0.00s) [anonymous]"}
{"timestamp": null, "level": null, "name": "apps.core.request", "message": "[req_2c81566cd58b] GET /admin/login/ -> 302 (0.00s) [anonymous]"}
{"timestamp": null, "level": null, "name": "apps.core.request", "message": "[req_d3f860f99483] GET /admin/login/ -> 302 (0.00s) [anonymous]"}
{"timestamp": null, "level": null, "name": "apps.core.request", "message": "[req_09bca8ea7a2a] GET /admin/login/ -> 302 (0.00s) [anonymous]"}
{"timestamp": null, "level": null, "name": "apps.core.request", "message": "[req_721b124c7934] GET /admin/login/ -> 302 (0.00s) [anonymous]"}
{"timestamp": null, "level": null, "name": "apps.core.request", "message": "[req_52d92fbf690e] GET /admin/login/ -> 302 (0.00s) [anonymous]"}
{"timestamp": null, "level": null, "name": "apps.core.request", "message": "[req_ce359e5288a3] GET /admin/login/ -> 302 (0.00s) [anonymous]"}
{"timestamp": null, "level": null, "name": "apps.core.request", "message": "[req_06cb2c7e1f2c] GET /admin/login/ -> 302 (0.00s) [anonymous]"}
{"timestamp": null, "level": null, "name": "apps.core.request", "message": "[req_91c5d8df0e5c] GET /admin/login/ -> 302 (0.00s) [anonymous]"}
{"timestamp": null, "level": null, "name": "apps.core.request", "message": "[req_3783c4e74b0e] GET /admin/login/ -> 302 (0.00s) [anonymous]"}
{"timestamp": null, "level": null, "name": "apps.core.request", "message": "[req_06a4ec4a5088] GET /admin/login/ -> 302 (0.00s) [anonymous]"}
{"timestamp": null, "level": null, "name": "apps.core.request", "message": "[req_692189e698b7] GET /admin/login/ -> 302 (0.00s) [anonymous]"}
{"timestamp": null, "level": null, "name": "apps.core.request", "message": "[req_da63a0fe95c5] GET /admin/login/ -> 302 (0.00s) [anonymous]"}
{"timestamp": null, "level": null, "name": "apps.core.request", "message": "[req_ff1411a75179] GET /admin/login/ -> 302 (0.04s) [anonymous]"}
{"timestamp": null, "level": null, "name": "apps.core.request", "message": "[req_8ac697c77570] GET /admin/login/ -> 302 (0.00s) [anonymous]"}
{"timestamp": null, "level": null, "name": "apps.core.request", "message": "[req_cd3d53bcdbe2] GET /admin/login/ -> 302 (0.00s) [anonymous]"}
{"timestamp": null, "level": null, "name": "apps.core.request", "message": "[req_939583ce3eed] GET /admin/login/ -> 302 (0.00s) [anonymous]"}
{"timestamp": null, "level": null, "name": "apps.core.request", "message": "[req_94c02965a4c0] GET /admin/login/ -> 302 (0.00s) [anonymous]"}
{"timestamp": null, "level": null, "name": "apps.core.request", "message": "[req_8f556ae01251] GET /admin/login/ -> 302 (0.00s) [anonymous]"}
{"timestamp": null, "level": null, "name": "apps.core.request", "message": "[req_2f0d04c06171] GET /admin/login/ -> 302 (0.00s) [anonymous]"}
{"timestamp": null, "level": null, "name": "apps.core.request", "message": "[req_442ad44e1d13] GET /admin/login/ -> 302 (0.00s) [anonymous]"}
{"timestamp": null, "level": null, "name": "apps.core.request", "message": "[req_f08b85bf5e81] GET /admin/login/ -> 302 (0.00s) [anonymous]"}
{"timestamp": null, "level": null, "name": "apps.core.request", "message": "[req_845840d16e0a] GET /admin/login/ -> 302 (0.00s) [anonymous]"}
{"timestamp": null, "level": null, "name": "apps.core.request", "message": "[req_4ea31a040b44] GET /admin/login/ -> 302 (0.00s) [anonymous]"}
{"timestamp": null, "level": null, "name": "apps.core.request", "message": "[req_e9c40cd01cfa] GET /admin/login/ -> 302 (0.00s) [anonymous]"}
{"timestamp": null, "level": null, "name": "apps.core.request", "message": "[req_358e39dc4bc5] GET /admin/login/ -> 302 (0.00s) [anonymous]"}
{"timestamp": null, "level": null, "name": "apps.core.request", "message": "[req_e9b483240720] GET /admin/login/ -> 302 (0.00s) [anonymous]"}
{"timestamp": null, "level": null, "name": "apps.core.request", "message": "[req_06b32643840b] GET /admin/login/ -> 302 (0.00s) [anonymous]"}
{"timestamp": null, "level": null, "name": "apps.core.request", "message": "[req_c0a13a54c759] GET /admin/login/ -> 302 (0.00s) [anonymous]"}
{"timestamp": null, "level": null, "name": "apps.core.request", "message": "[req_3adf27048e2b] GET /admin/login/ -> 302 (0.00s) [anonymous]"}
{"timestamp": null, "level": null, "name": "apps.core.request", "message": "[req_6dd3c06127c2] GET /admin/login/ -> 302 (0.00s) [anonymous]"}
{"timestamp": null, "level": null, "name": "apps.core.request", "message": "[req_f32d33f3b343] GET /admin/login/ -> 302 (0.00s) [anonymous]"}
{"timestamp": null, "level": null, "name": "apps.core.request", "message": "[req_44b04ce88096] GET /admin/login/ -> 302 (0.00s) [anonymous]"}
{"timestamp": null, "level": null, "name": "apps.users.models", "message": "[LOGIN] admin@zic.com from 127.0.0.1"}
{"timestamp": null, "level": null, "name": "apps.core.request", "message": "[req_4126449bd540] POST /api/v1/auth/login/ -> 200 (0.60s) [anonymous]"}
{"timestamp": null, "level": null, "name": "apps.core.request", "message": "[req_d88d2598cbb2] GET /api/schema/ -> 200 (0.57s) [anonymous]"}
{"timestamp": null, "level": null, "name": "apps.core.request", "message": "[req_13712f70d196] GET /api/schema/ -> 200 (0.08s) [anonymous]"}
{"timestamp": null, "level": null, "name": "apps.core.request", "message": "[req_1300e5639449] GET /admin/login/ -> 302 (0.00s) [anonymous]"}
{"timestamp": null, "level": null, "name": "apps.core.request", "message": "[req_785fde72922a] GET /admin/login/ -> 302 (0.00s) [anonymous]"}
{"timestamp": null, "level": null, "name": "apps.core.request", "message": "[req_431d98bf193f] GET /admin/login/ -> 302 (0.00s) [anonymous]"}
{"timestamp": null, "level": null, "name": "apps.core.request", "message": "[req_86edad22f1b1] GET /admin/login/ -> 302 (0.00s) [anonymous]"}
{"timestamp": null, "level": null, "name": "apps.core.request", "message": "[req_a75e412ce5fa] GET /admin/login/ -> 302 (0.00s) [anonymous]"}
{"timestamp": null, "level": null, "name": "apps.core.request", "message": "[req_d6388dfcbfa1] GET /admin/login/ -> 302 (0.00s) [anonymous]"}
{"timestamp": null, "level": null, "name": "apps.core.request", "message": "[req_ec9f8803dc5c] GET /admin/login/ -> 302 (0.00s) [anonymous]"}
{"timestamp": null, "level": null, "name": "apps.core.request", "message": "[req_72b264233066] GET /admin/login/ -> 302 (0.00s) [anonymous]"}
{"timestamp": null, "level": null, "name": "apps.core.request", "message": "[req_7ac5c8028a81] GET /admin/login/ -> 302 (0.00s) [anonymous]"}
{"timestamp": null, "level": null, "name": "apps.core.request", "message": "[req_d290ff968381] GET /admin/login/ -> 302 (0.00s) [anonymous]"}
{"timestamp": null, "level": null, "name": "apps.core.request", "message": "[req_94242f04dc5d] GET /admin/login/ -> 302 (0.00s) [anonymous]"}
{"timestamp": null, "level": null, "name": "apps.core.request", "message": "[req_15b97755ed7d] GET /admin/login/ -> 302 (0.00s) [anonymous]"}
{"timestamp": null, "level": null, "name": "apps.core.request", "message": "[req_85e6fc6c5a43] GET /admin/login/ -> 302 (0.00s) [anonymous]"}
{"timestamp": null, "level": null, "name": "apps.core.request", "message": "[req_32fbb3a53e0d] GET /admin/login/ -> 302 (0.00s) [anonymous]"}
{"timestamp": null, "level": null, "name": "apps.core.request", "message": "[req_0bc0b05df21b] GET /admin/login/ -> 302 (0.00s) [anonymous]"}
{"timestamp": null, "level": null, "name": "apps.core.request", "message": "[req_47336383700e] GET /admin/login/ -> 302 (0.00s) [anonymous]"}
{"timestamp": null, "level": null, "name": "apps.core.request", "message": "[req_3325c8813f69] GET /admin/login/ -> 302 (0.00s) [anonymous]"}
{"timestamp": null, "level": null, "name": "apps.core.request", "message": "[req_6633c353121c] GET /admin/login/ -> 302 (0.00s) [anonymous]"}
{"timestamp": null, "level": null, "name": "apps.core.request", "message": "[req_1f3f6dc1ccf3] GET /admin/login/ -> 302 (0.00s) [anonymous]"}
{"timestamp": null, "level": null, "name": "apps.core.request", "message": "[req_f2faf227ba4e] GET /admin/login/ -> 302 (0.00s) [anonymous]"}
{"timestamp": null, "level": null, "name": "apps.users.models", "message": "User created: test@example.com (ID: b099b4c9-01da-41bf-be00-ba782d2f7e5b)"}
{"timestamp": null, "level": null, "name": "apps.users.models", "message": "User created: test@example.com (ID: eec5acb7-ff7f-4695-b908-03a1c4069336)"}
{"timestamp": null, "level": null, "name": "apps.users.models", "message": "User created: admin2@example.com (ID: 3e1ac89a-49a7-4cb8-8a50-b66004491bab)"}
{"timestamp": null, "level": null, "name": "apps.users.models", "message": "User created: test@example.com (ID: d9e4f247-7d99-4168-baef-087a5e81b630)"}
{"timestamp": null, "level": null, "name": "apps.users.models", "message": "User created: test2@example.com (ID: 21f124f2-0f89-4843-858d-d3e53a0a6fe0)"}
{"timestamp": null, "level": null, "name": "apps.users.models", "message": "User created: test@example.com (ID: 5f02940a-5185-4f17-89f6-9ce22538390b)"}
{"timestamp": null, "level": null, "name": "apps.users.models", "message": "Account locked for test@example.com due to 5 failed login attempts"}
{"timestamp": null, "level": null, "name": "apps.users.models", "message": "User created: test@example.com (ID: 142d3a29-0a1d-44d8-a6a6-6ff2e39d8670)"}
{"timestamp": null, "level": null, "name": "apps.users.models", "message": "User created: test@example.com (ID: 77826e50-6f5a-4d7b-8459-a0be362d69b6)"}
{"timestamp": null, "level": null, "name": "apps.users.models", "message": "User created: otp@example.com (ID: 47ea7657-4ed3-422a-a53e-4276c3a37266)"}
{"timestamp": null, "level": null, "name": "apps.users.models", "message": "User created: otp@example.com (ID: ff283874-accf-41f2-80e8-65c8ba08766a)"}
{"timestamp": null, "level": null, "name": "apps.users.models", "message": "User created: otp@example.com (ID: d0bb0c79-83b3-4010-b92c-e6324b94bcfe)"}
{"timestamp": null, "level": null, "name": "apps.users.models", "message": "User created: apiadmin@example.com (ID: 3bc96d76-d8fa-4c21-9129-8e4104ec1749)"}
{"timestamp": null, "level": null, "name": "apps.core.request", "message": "[req_54e70d9ebeac] POST /api/v1/auth/login/ -> 400 (0.86s) [anonymous]"}
{"timestamp": null, "level": null, "name": "apps.users.models", "message": "User created: apiadmin@example.com (ID: cac4ba0b-cef5-4de1-8095-6e07ac0fc3c6)"}
{"timestamp": null, "level": null, "name": "apps.core.request", "message": "[req_55265d1373cc] POST /api/v1/auth/login/ -> 400 (0.31s) [anonymous]"}
{"timestamp": null, "level": null, "name": "apps.users.models", "message": "User created: apiadmin@example.com (ID: 6ae4c989-0a15-47cf-adf3-e29997e33b91)"}
{"timestamp": null, "level": null, "name": "apps.core.request", "message": "[req_7d468fae8b0d] POST /api/v1/auth/login/ -> 400 (0.31s) [anonymous]"}
{"timestamp": null, "level": null, "name": "apps.users.models", "message": "User created: apiadmin@example.com (ID: ff6f23f4-84d9-4eeb-83c8-faa420d3fd63)"}
{"timestamp": null, "level": null, "name": "apps.core.request", "message": "[req_d450068b1a08] POST /api/v1/auth/login/ -> 400 (0.31s) [anonymous]"}
{"timestamp": null, "level": null, "name": "apps.users.models", "message": "User created: apiadmin@example.com (ID: 0403d17e-4f87-48ab-9718-0a97c4d181dc)"}
{"timestamp": null, "level": null, "name": "apps.core.request", "message": "[req_75b42d31dae6] POST /api/v1/auth/login/ -> 400 (0.31s) [anonymous]"}
{"timestamp": null, "level": null, "name": "apps.users.models", "message": "User created: apiadmin@example.com (ID: 6e55b264-69dc-4914-98fc-b4d793a6561f)"}
{"timestamp": null, "level": null, "name": "apps.core.request", "message": "[req_dd7df9624b2b] POST /api/v1/auth/login/ -> 400 (0.31s) [anonymous]"}
{"timestamp": null, "level": null, "name": "apps.users.models", "message": "User created: apiadmin@example.com (ID: 16338711-a9c8-4291-95ad-15eb63c21dad)"}
{"timestamp": null, "level": null, "name": "apps.core.request", "message": "[req_8d353dc891ab] POST /api/v1/auth/login/ -> 400 (0.31s) [anonymous]"}
{"timestamp": null, "level": null, "name": "apps.users.models", "message": "User created: apiadmin@example.com (ID: 26b9d13a-46f1-4a0d-8dfa-e53256461b53)"}
{"timestamp": null, "level": null, "name": "apps.core.request", "message": "[req_6825a8be9735] POST /api/v1/auth/login/ -> 400 (0.31s) [anonymous]"}
{"timestamp": null, "level": null, "name": "apps.users.models", "message": "User created: apiadmin@example.com (ID: 781dbd4f-a5d4-4906-9226-eb3ccd7173e5)"}
{"timestamp": null, "level": null, "name": "apps.core.request", "message": "[req_ccebcafb1dd7] POST /api/v1/auth/login/ -> 400 (0.31s) [anonymous]"}
{"timestamp": null, "level": null, "name": "apps.users.models", "message": "User created: apiadmin@example.com (ID: 5b5fad02-3ff6-4633-81a1-19b400016e8a)"}
{"timestamp": null, "level": null, "name": "apps.core.request", "message": "[req_f18baa61ffac] POST /api/v1/auth/login/ -> 400 (0.31s) [anonymous]"}
{"timestamp": null, "level": null, "name": "apps.users.models", "message": "User created: apiadmin@example.com (ID: c603f41b-deb1-4e8a-a560-99eddbf25f97)"}
{"timestamp": null, "level": null, "name": "apps.core.request", "message": "[req_78a14e0602b9] POST /api/v1/auth/login/ -> 400 (0.31s) [anonymous]"}
{"timestamp": null, "level": null, "name": "apps.users.models", "message": "User created: apiadmin@example.com (ID: 29091257-0185-44d8-a546-5708e5720af7)"}
{"timestamp": null, "level": null, "name": "apps.core.request", "message": "[req_d6693249dd0a] POST /api/v1/auth/login/ -> 400 (0.31s) [anonymous]"}
{"timestamp": null, "level": null, "name": "apps.users.models", "message": "User created: apiadmin@example.com (ID: 98b7cbc9-8529-424a-a81e-4a581d0c9936)"}
{"timestamp": null, "level": null, "name": "apps.core.request", "message": "[req_2941e06168f9] POST /api/v1/auth/login/ -> 400 (0.47s) [anonymous]"}
{"timestamp": null, "level": null, "name": "apps.users.models", "message": "User created: apiadmin@example.com (ID: 32445d91-f581-4d71-9950-f0933054bf4a)"}
{"timestamp": null, "level": null, "name": "apps.core.request", "message": "[req_cb690909515a] POST /api/v1/auth/login/ -> 400 (0.47s) [anonymous]"}
{"timestamp": null, "level": null, "name": "apps.users.models", "message": "User created: test@example.com (ID: bd5cd137-5dcf-4996-b9f2-c2e41583bd27)"}
{"timestamp": null, "level": null, "name": "apps.users.models", "message": "User created: test@example.com (ID: 5d31fdbb-0f01-4a70-bf1c-8ef6520c5343)"}
{"timestamp": null, "level": null, "name": "apps.users.models", "message": "User created: admin2@example.com (ID: 1443a1e0-f817-41c1-9b33-4dcf9b8d6b1d)"}
{"timestamp": null, "level": null, "name": "apps.users.models", "message": "User created: test@example.com (ID: 55df21b3-8572-4639-84a5-7eaab7c92cbc)"}
{"timestamp": null, "level": null, "name": "apps.users.models", "message": "User created: test2@example.com (ID: 8dd9ff71-d251-4ca9-8bb9-ac16f9dc722d)"}
{"timestamp": null, "level": null, "name": "apps.users.models", "message": "User created: test@example.com (ID: 11150beb-3bca-4c45-ab8c-96973061ce7d)"}
{"timestamp": null, "level": null, "name": "apps.users.models", "message": "Account locked for test@example.com due to 5 failed login attempts"}
{"timestamp": null, "level": null, "name": "apps.users.models", "message": "User created: test@example.com (ID: 35816bea-4698-4e26-b17f-bab5c9e66fb7)"}
{"timestamp": null, "level": null, "name": "apps.users.models", "message": "User created: test@example.com (ID: 40cb9a44-2eb1-420f-8282-eb90df1074f2)"}
{"timestamp": null, "level": null, "name": "apps.users.models", "message": "User created: otp@example.com (ID: 8c286bf6-03db-4539-848b-8253cec77a59)"}
{"timestamp": null, "level": null, "name": "apps.users.models", "message": "User created: otp@example.com (ID: cc7f2f19-db9f-4e19-a60b-9df23c3d89d0)"}
{"timestamp": null, "level": null, "name": "apps.users.models", "message": "User created: otp@example.com (ID: c5532a93-c609-4ff1-86ea-23f69033ba2d)"}
{"timestamp": null, "level": null, "name": "apps.users.models", "message": "User created: apiadmin@example.com (ID: d531462e-0892-4d30-930d-8dae015d9c6c)"}
{"timestamp": null, "level": null, "name": "apps.users.models", "message": "[LOGIN] apiadmin@example.com from 127.0.0.1"}
{"timestamp": null, "level": null, "name": "apps.core.request", "message": "[req_ee1f59b12878] POST /api/v1/auth/login/ -> 200 (0.45s) [anonymous]"}
{"timestamp": null, "level": null, "name": "apps.users.models", "message": "User created: apiadmin@example.com (ID: aabe7ddb-b342-4b9e-819f-5fe34a23b198)"}
{"timestamp": null, "level": null, "name": "apps.users.models", "message": "[LOGIN] apiadmin@example.com from 127.0.0.1"}
{"timestamp": null, "level": null, "name": "apps.core.request", "message": "[req_3f9d521595e4] POST /api/v1/auth/login/ -> 200 (0.31s) [anonymous]"}
{"timestamp": null, "level": null, "name": "apps.users.models", "message": "User created: apiadmin@example.com (ID: c3f76674-8494-4351-9237-20c681cb34b7)"}
{"timestamp": null, "level": null, "name": "apps.users.models", "message": "[LOGIN] apiadmin@example.com from 127.0.0.1"}
{"timestamp": null, "level": null, "name": "apps.core.request", "message": "[req_987860fff0c3] POST /api/v1/auth/login/ -> 200 (0.32s) [anonymous]"}
{"timestamp": null, "level": null, "name": "apps.users.models", "message": "User created: apiadmin@example.com (ID: e4102e17-f761-4656-ad76-20fd3c43e471)"}
{"timestamp": null, "level": null, "name": "apps.users.models", "message": "[LOGIN] apiadmin@example.com from 127.0.0.1"}
{"timestamp": null, "level": null, "name": "apps.core.request", "message": "[req_42eee20600c7] POST /api/v1/auth/login/ -> 200 (0.31s) [anonymous]"}
{"timestamp": null, "level": null, "name": "apps.users.models", "message": "User created: apiadmin@example.com (ID: 88bce55e-b1e0-4055-9b68-3d3c280de51c)"}
{"timestamp": null, "level": null, "name": "apps.users.models", "message": "[LOGIN] apiadmin@example.com from 127.0.0.1"}
{"timestamp": null, "level": null, "name": "apps.core.request", "message": "[req_f7a4f3f9d96f] POST /api/v1/auth/login/ -> 200 (0.32s) [anonymous]"}
{"timestamp": null, "level": null, "name": "apps.users.models", "message": "User created: apiadmin@example.com (ID: 70ffb2b9-e2c0-4d83-9186-145abf2f4b7f)"}
{"timestamp": null, "level": null, "name": "apps.users.models", "message": "[LOGIN] apiadmin@example.com from 127.0.0.1"}
{"timestamp": null, "level": null, "name": "apps.core.request", "message": "[req_6480879ed1dd] POST /api/v1/auth/login/ -> 200 (0.32s) [anonymous]"}
{"timestamp": null, "level": null, "name": "apps.users.models", "message": "User created: apiadmin@example.com (ID: 8d784f99-7504-4922-b767-e0825705465b)"}
{"timestamp": null, "level": null, "name": "apps.users.models", "message": "[LOGIN] apiadmin@example.com from 127.0.0.1"}
{"timestamp": null, "level": null, "name": "apps.core.request", "message": "[req_89b989cc75d2] POST /api/v1/auth/login/ -> 200 (0.31s) [anonymous]"}
{"timestamp": null, "level": null, "name": "apps.users.models", "message": "User created: apiadmin@example.com (ID: c335033c-c6b5-42db-a48b-00570b03dce2)"}
{"timestamp": null, "level": null, "name": "apps.users.models", "message": "[LOGIN] apiadmin@example.com from 127.0.0.1"}
{"timestamp": null, "level": null, "name": "apps.core.request", "message": "[req_155a2e6a68f2] POST /api/v1/auth/login/ -> 200 (0.32s) [anonymous]"}
{"timestamp": null, "level": null, "name": "apps.users.models", "message": "User created: apiadmin@example.com (ID: 81d84d8f-8de8-4812-aba6-3910bbde4444)"}
{"timestamp": null, "level": null, "name": "apps.users.models", "message": "[LOGIN] apiadmin@example.com from 127.0.0.1"}
{"timestamp": null, "level": null, "name": "apps.core.request", "message": "[req_7897bf26ae88] POST /api/v1/auth/login/ -> 200 (0.32s) [anonymous]"}
{"timestamp": null, "level": null, "name": "apps.users.models", "message": "User created: apiadmin@example.com (ID: 38a89040-985c-42b1-967a-d9ea820101cc)"}
{"timestamp": null, "level": null, "name": "apps.users.models", "message": "[LOGIN] apiadmin@example.com from 127.0.0.1"}
{"timestamp": null, "level": null, "name": "apps.core.request", "message": "[req_4b6841e91bfe] POST /api/v1/auth/login/ -> 200 (0.32s) [anonymous]"}
{"timestamp": null, "level": null, "name": "apps.users.models", "message": "User created: apiadmin@example.com (ID: bece76c0-5a45-47d0-9396-56380a6e1414)"}
{"timestamp": null, "level": null, "name": "apps.users.models", "message": "[LOGIN] apiadmin@example.com from 127.0.0.1"}
{"timestamp": null, "level": null, "name": "apps.core.request", "message": "[req_1de0b2fea610] POST /api/v1/auth/login/ -> 200 (0.32s) [anonymous]"}
{"timestamp": null, "level": null, "name": "apps.users.models", "message": "User created: apiadmin@example.com (ID: 31034772-c459-4734-9448-8d4e98ace89e)"}
{"timestamp": null, "level": null, "name": "apps.users.models", "message": "[LOGIN] apiadmin@example.com from 127.0.0.1"}
{"timestamp": null, "level": null, "name": "apps.core.request", "message": "[req_f11117eda775] POST /api/v1/auth/login/ -> 200 (0.32s) [anonymous]"}
{"timestamp": null, "level": null, "name": "apps.users.models", "message": "User created: apiadmin@example.com (ID: 57ed3153-17f2-4f8d-a0e2-acabe53b0aa4)"}
{"timestamp": null, "level": null, "name": "apps.users.models", "message": "[LOGIN] apiadmin@example.com from 127.0.0.1"}
{"timestamp": null, "level": null, "name": "apps.core.request", "message": "[req_5082ab757787] POST /api/v1/auth/login/ -> 200 (0.33s) [anonymous]"}
{"timestamp": null, "level": null, "name": "apps.users.models", "message": "User created: apiadmin@example.com (ID: 19b1b414-7993-486d-8282-2800b9f2a4c8)"}
{"timestamp": null, "level": null, "name": "apps.users.models", "message": "[LOGIN] apiadmin@example.com from 127.0.0.1"}
{"timestamp": null, "level": null, "name": "apps.core.request", "message": "[req_3d765fd480a1] POST /api/v1/auth/login/ -> 200 (0.31s) [anonymous]"}
{"timestamp": null, "level": null, "name": "apps.users.models", "message": "User created: apiadmin@example.com (ID: 27be99c9-a607-4536-b599-7f819b4f43f8)"}
{"timestamp": null, "level": null, "name": "apps.users.models", "message": "[LOGIN] apiadmin@example.com from 127.0.0.1"}
{"timestamp": null, "level": null, "name": "apps.core.request", "message": "[req_0f5b54bfe747] POST /api/v1/auth/login/ -> 200 (0.32s) [anonymous]"}
{"timestamp": null, "level": null, "name": "apps.users.models", "message": "User created: apiadmin@example.com (ID: d6329aa4-d813-4aa4-83d5-926e518843cb)"}
{"timestamp": null, "level": null, "name": "apps.users.models", "message": "[LOGIN] apiadmin@example.com from 127.0.0.1"}
{"timestamp": null, "level": null, "name": "apps.core.request", "message": "[req_e7cde41a9642] POST /api/v1/auth/login/ -> 200 (0.31s) [anonymous]"}
{"timestamp": null, "level": null, "name": "apps.users.models", "message": "User created: apiadmin@example.com (ID: 465cf371-af1c-4505-9de0-29dee8b37f36)"}
{"timestamp": null, "level": null, "name": "apps.users.models", "message": "[LOGIN] apiadmin@example.com from 127.0.0.1"}
{"timestamp": null, "level": null, "name": "apps.core.request", "message": "[req_bf59fc1a9a89] POST /api/v1/auth/login/ -> 200 (0.31s) [anonymous]"}
{"timestamp": null, "level": null, "name": "apps.users.models", "message": "User created: apiadmin@example.com (ID: edb8554e-0371-4e28-a344-e6c795187522)"}
{"timestamp": null, "level": null, "name": "apps.users.models", "message": "[LOGIN] apiadmin@example.com from 127.0.0.1"}
{"timestamp": null, "level": null, "name": "apps.core.request", "message": "[req_28852c70b62b] POST /api/v1/auth/login/ -> 200 (0.33s) [anonymous]"}
{"timestamp": null, "level": null, "name": "apps.users.models", "message": "User created: apiadmin@example.com (ID: 58959d55-c0c3-4f94-b5c0-7b24759c5cd9)"}
{"timestamp": null, "level": null, "name": "apps.users.models", "message": "[LOGIN] apiadmin@example.com from 127.0.0.1"}
{"timestamp": null, "level": null, "name": "apps.core.request", "message": "[req_facca42ad421] POST /api/v1/auth/login/ -> 200 (0.31s) [anonymous]"}
{"timestamp": null, "level": null, "name": "apps.users.models", "message": "User created: testadmin@example.com (ID: 73b9ded8-aebc-4e1d-9b48-16ff0994f53d)"}
{"timestamp": null, "level": null, "name": "apps.users.models", "message": "[LOGIN] testadmin@example.com from 127.0.0.1"}
{"timestamp": null, "level": null, "name": "apps.core.exceptions", "message": "Unhandled exception: UNIQUE constraint failed: users_usersession.session_key", "exc_info": "Traceback (most recent call last):\n  File \"/Users/phantomx/Desktop/ZIC/backend/venv/lib/python3.14/site-packages/django/db/models/query.py\", line 948, in get_or_create\n    return self.get(**kwargs), False\n           ~~~~~~~~^^^^^^^^^^\n  File \"/Users/phantomx/Desktop/ZIC/backend/venv/lib/python3.14/site-packages/django/db/models/query.py\", line 649, in get\n    raise self.model.DoesNotExist(\n        \"%s matching query does not exist.\" % self.model._meta.object_name\n    )\napps.users.models.UserSession.DoesNotExist: UserSession matching query does not exist.\n\nDuring handling of the above exception, another exception occurred:\n\nTraceback (most recent call last):\n  File \"/Users/phantomx/Desktop/ZIC/backend/venv/lib/python3.14/site-packages/django/db/backends/utils.py\", line 105, in _execute\n    return self.cursor.execute(sql, params)\n           ~~~~~~~~~~~~~~~~~~~^^^^^^^^^^^^^\n  File \"/Users/phantomx/Desktop/ZIC/backend/venv/lib/python3.14/site-packages/django/db/backends/sqlite3/base.py\", line 329, in execute\n    return super().execute(query, params)\n           ~~~~~~~~~~~~~~~^^^^^^^^^^^^^^^\nsqlite3.IntegrityError: UNIQUE constraint failed: users_usersession.session_key\n\nThe above exception was the direct cause of the following exception:\n\nTraceback (most recent call last):\n  File \"/Users/phantomx/Desktop/ZIC/backend/venv/lib/python3.14/site-packages/rest_framework/views.py\", line 512, in dispatch\n    response = handler(request, *args, **kwargs)\n  File \"/Users/phantomx/Desktop/ZIC/backend/apps/authentication/views.py\", line 84, in post\n    _create_user_session(request, user)\n    ~~~~~~~~~~~~~~~~~~~~^^^^^^^^^^^^^^^\n  File \"/Users/phantomx/Desktop/ZIC/backend/apps/authentication/views.py\", line 34, in _create_user_session\n    session, created = UserSession.objects.get_or_create(\n                       ~~~~~~~~~~~~~~~~~~~~~~~~~~~~~~~~~^\n        user=user,\n        ^^^^^^^^^^\n    ...<5 lines>...\n        }\n        ^\n    )\n    ^\n  File \"/Users/phantomx/Desktop/ZIC/backend/venv/lib/python3.14/site-packages/django/db/models/manager.py\", line 87, in manager_method\n    return getattr(self.get_queryset(), name)(*args, **kwargs)\n           ~~~~~~~~~~~~~~~~~~~~~~~~~~~~~~~~~~^^^^^^^^^^^^^^^^^\n  File \"/Users/phantomx/Desktop/ZIC/backend/venv/lib/python3.14/site-packages/django/db/models/query.py\", line 955, in get_or_create\n    return self.create(**params), True\n           ~~~~~~~~~~~^^^^^^^^^^\n  File \"/Users/phantomx/Desktop/ZIC/backend/venv/lib/python3.14/site-packages/django/db/models/query.py\", line 679, in create\n    obj.save(force_insert=True, using=self.db)\n    ~~~~~~~~^^^^^^^^^^^^^^^^^^^^^^^^^^^^^^^^^^\n  File \"/Users/phantomx/Desktop/ZIC/backend/venv/lib/python3.14/site-packages/django/db/models/base.py\", line 822, in save\n    self.save_base(\n    ~~~~~~~~~~~~~~^\n        using=using,\n        ^^^^^^^^^^^^\n    ...<2 lines>...\n        update_fields=update_fields,\n        ^^^^^^^^^^^^^^^^^^^^^^^^^^^^\n    )\n    ^\n  File \"/Users/phantomx/Desktop/ZIC/backend/venv/lib/python3.14/site-packages/django/db/models/base.py\", line 909, in save_base\n    updated = self._save_table(\n        raw,\n    ...<4 lines>...\n        update_fields,\n    )\n  File \"/Users/phantomx/Desktop/ZIC/backend/venv/lib/python3.14/site-packages/django/db/models/base.py\", line 1071, in _save_table\n    results = self._do_insert(\n        cls._base_manager, using, fields, returning_fields, raw\n    )\n  File \"/Users/phantomx/Desktop/ZIC/backend/venv/lib/python3.14/site-packages/django/db/models/base.py\", line 1112, in _do_insert\n    return manager._insert(\n           ~~~~~~~~~~~~~~~^\n        [self],\n        ^^^^^^^\n    ...<3 lines>...\n        raw=raw,\n        ^^^^^^^^\n    )\n    ^\n  File \"/Users/phantomx/Desktop/ZIC/backend/venv/lib/python3.14/site-packages/django/db/models/manager.py\", line 87, in manager_method\n    return getattr(self.get_queryset(), name)(*args, **kwargs)\n           ~~~~~~~~~~~~~~~~~~~~~~~~~~~~~~~~~~^^^^^^^^^^^^^^^^^\n  File \"/Users/phantomx/Desktop/ZIC/backend/venv/lib/python3.14/site-packages/django/db/models/query.py\", line 1847, in _insert\n    return query.get_compiler(using=using).execute_sql(returning_fields)\n           ~~~~~~~~~~~~~~~~~~~~~~~~~~~~~~~~~~~~~~~~~~~^^^^^^^^^^^^^^^^^^\n  File \"/Users/phantomx/Desktop/ZIC/backend/venv/lib/python3.14/site-packages/django/db/models/sql/compiler.py\", line 1823, in execute_sql\n    cursor.execute(sql, params)\n    ~~~~~~~~~~~~~~^^^^^^^^^^^^^\n  File \"/Users/phantomx/Desktop/ZIC/backend/venv/lib/python3.14/site-packages/debug_toolbar/panels/sql/tracking.py\", line 243, in execute\n    return self._record(super().execute, sql, params)\n           ~~~~~~~~~~~~^^^^^^^^^^^^^^^^^^^^^^^^^^^^^^\n  File \"/Users/phantomx/Desktop/ZIC/backend/venv/lib/python3.14/site-packages/debug_toolbar/panels/sql/tracking.py\", line 164, in _record\n    return method(sql, params)\n  File \"/Users/phantomx/Desktop/ZIC/backend/venv/lib/python3.14/site-packages/django/db/backends/utils.py\", line 122, in execute\n    return super().execute(sql, params)\n           ~~~~~~~~~~~~~~~^^^^^^^^^^^^^\n  File \"/Users/phantomx/Desktop/ZIC/backend/venv/lib/python3.14/site-packages/django/db/backends/utils.py\", line 79, in execute\n    return self._execute_with_wrappers(\n           ~~~~~~~~~~~~~~~~~~~~~~~~~~~^\n        sql, params, many=False, executor=self._execute\n        ^^^^^^^^^^^^^^^^^^^^^^^^^^^^^^^^^^^^^^^^^^^^^^^\n    )\n    ^\n  File \"/Users/phantomx/Desktop/ZIC/backend/venv/lib/python3.14/site-packages/django/db/backends/utils.py\", line 92, in _execute_with_wrappers\n    return executor(sql, params, many, context)\n  File \"/Users/phantomx/Desktop/ZIC/backend/venv/lib/python3.14/site-packages/django/db/backends/utils.py\", line 100, in _execute\n    with self.db.wrap_database_errors:\n         ^^^^^^^^^^^^^^^^^^^^^^^^^^^^\n  File \"/Users/phantomx/Desktop/ZIC/backend/venv/lib/python3.14/site-packages/django/db/utils.py\", line 91, in __exit__\n    raise dj_exc_value.with_traceback(traceback) from exc_value\n  File \"/Users/phantomx/Desktop/ZIC/backend/venv/lib/python3.14/site-packages/django/db/backends/utils.py\", line 105, in _execute\n    return self.cursor.execute(sql, params)\n           ~~~~~~~~~~~~~~~~~~~^^^^^^^^^^^^^\n  File \"/Users/phantomx/Desktop/ZIC/backend/venv/lib/python3.14/site-packages/django/db/backends/sqlite3/base.py\", line 329, in execute\n    return super().execute(query, params)\n           ~~~~~~~~~~~~~~~^^^^^^^^^^^^^^^\ndjango.db.utils.IntegrityError: UNIQUE constraint failed: users_usersession.session_key"}
{"timestamp": null, "level": null, "name": "apps.core.request", "message": "[req_4a957327c2ea] POST /api/v1/auth/login/ -> 500 (0.46s) [anonymous]"}
{"timestamp": null, "level": null, "name": "apps.users.models", "message": "User created: admin@zic.com (ID: b9e16ec3-45cb-4786-bc06-e0d1596b00c8)"}
{"timestamp": null, "level": null, "name": "apps.users.models", "message": "User created: test@example.com (ID: f9d8bdce-6f3c-4bbb-b47c-221a0501ac61)"}
{"timestamp": null, "level": null, "name": "apps.users.models", "message": "User created: test@example.com (ID: 3bbc6dd7-5fb9-4d78-b81b-695c22a14931)"}
{"timestamp": null, "level": null, "name": "apps.users.models", "message": "User created: admin2@example.com (ID: 7d77f54e-b6c0-434f-993f-2bcf6a4d89ea)"}
{"timestamp": null, "level": null, "name": "apps.users.models", "message": "User created: test@example.com (ID: febc8edc-6060-445f-b841-690cea061e5d)"}
{"timestamp": null, "level": null, "name": "apps.users.models", "message": "User created: test2@example.com (ID: 8e51661a-d12a-4aaf-934b-74cd4bac5d66)"}
{"timestamp": null, "level": null, "name": "apps.users.models", "message": "User created: test@example.com (ID: 048915d6-6568-4624-b752-122cf18a27ae)"}
{"timestamp": null, "level": null, "name": "apps.users.models", "message": "Account locked for test@example.com due to 5 failed login attempts"}
{"timestamp": null, "level": null, "name": "apps.users.models", "message": "User created: test@example.com (ID: bd8549a8-cbf8-4e48-9a21-4c3f3ccc5542)"}
{"timestamp": null, "level": null, "name": "apps.users.models", "message": "User created: test@example.com (ID: 3bfeba80-c568-4154-8e32-0e7bdc6ca1ae)"}
{"timestamp": null, "level": null, "name": "apps.users.models", "message": "User created: otp@example.com (ID: a47f3c7e-08e9-43c7-90ed-2d6dfde267f5)"}
{"timestamp": null, "level": null, "name": "apps.users.models", "message": "User created: otp@example.com (ID: 5994c758-a8fe-4561-8b44-677e8b5465bd)"}
{"timestamp": null, "level": null, "name": "apps.users.models", "message": "User created: otp@example.com (ID: d0074d79-843d-4acd-875a-81c2de6d0965)"}
{"timestamp": null, "level": null, "name": "apps.users.models", "message": "User created: apiadmin@example.com (ID: 123c631c-0a83-4f45-bd26-817d8a0053fa)"}
{"timestamp": null, "level": null, "name": "apps.users.models", "message": "[LOGIN] apiadmin@example.com from 127.0.0.1"}
{"timestamp": null, "level": null, "name": "apps.core.request", "message": "[req_d54934bc912c] POST /api/v1/auth/login/ -> 200 (0.42s) [anonymous]"}
{"timestamp": null, "level": null, "name": "apps.users.models", "message": "User created: apiadmin@example.com (ID: f3902ac4-6456-4cdc-8e15-37c20d92612a)"}
{"timestamp": null, "level": null, "name": "apps.users.models", "message": "[LOGIN] apiadmin@example.com from 127.0.0.1"}
{"timestamp": null, "level": null, "name": "apps.core.request", "message": "[req_571e53674933] POST /api/v1/auth/login/ -> 200 (0.31s) [anonymous]"}
{"timestamp": null, "level": null, "name": "apps.users.models", "message": "User created: apiadmin@example.com (ID: 6fe54393-a22b-443c-b650-e387dffca821)"}
{"timestamp": null, "level": null, "name": "apps.users.models", "message": "[LOGIN] apiadmin@example.com from 127.0.0.1"}
{"timestamp": null, "level": null, "name": "apps.core.request", "message": "[req_41fb44030c7e] POST /api/v1/auth/login/ -> 200 (0.32s) [anonymous]"}
{"timestamp": null, "level": null, "name": "apps.users.models", "message": "User created: apiadmin@example.com (ID: 785f9743-ed99-4cee-8bc2-a1bcb833f81d)"}
{"timestamp": null, "level": null, "name": "apps.users.models", "message": "[LOGIN] apiadmin@example.com from 127.0.0.1"}
{"timestamp": null, "level": null, "name": "apps.core.request", "message": "[req_d06657a899f1] POST /api/v1/auth/login/ -> 200 (0.31s) [anonymous]"}
{"timestamp": null, "level": null, "name": "apps.users.models", "message": "User created: apiadmin@example.com (ID: 612cba9a-d4fc-4914-8161-aa0529d94765)"}
{"timestamp": null, "level": null, "name": "apps.users.models", "message": "[LOGIN] apiadmin@example.com from 127.0.0.1"}
{"timestamp": null, "level": null, "name": "apps.core.request", "message": "[req_4df469641486] POST /api/v1/auth/login/ -> 200 (0.31s) [anonymous]"}
{"timestamp": null, "level": null, "name": "apps.users.models", "message": "User created: apiadmin@example.com (ID: 75c716e9-8260-4169-9fc9-fa15a30438a9)"}
{"timestamp": null, "level": null, "name": "apps.users.models", "message": "[LOGIN] apiadmin@example.com from 127.0.0.1"}
{"timestamp": null, "level": null, "name": "apps.core.request", "message": "[req_10faf97f677d] POST /api/v1/auth/login/ -> 200 (0.32s) [anonymous]"}
{"timestamp": null, "level": null, "name": "apps.users.models", "message": "User created: apiadmin@example.com (ID: 93872154-e397-46fb-90e1-a593dd5c6cf9)"}
{"timestamp": null, "level": null, "name": "apps.users.models", "message": "[LOGIN] apiadmin@example.com from 127.0.0.1"}
{"timestamp": null, "level": null, "name": "apps.core.request", "message": "[req_c64bdc21462e] POST /api/v1/auth/login/ -> 200 (0.31s) [anonymous]"}
{"timestamp": null, "level": null, "name": "apps.users.models", "message": "User created: apiadmin@example.com (ID: 6c6ce389-9597-4b33-86a4-8b84855ff979)"}
{"timestamp": null, "level": null, "name": "apps.users.models", "message": "[LOGIN] apiadmin@example.com from 127.0.0.1"}
{"timestamp": null, "level": null, "name": "apps.core.request", "message": "[req_87614251af03] POST /api/v1/auth/login/ -> 200 (0.31s) [anonymous]"}
{"timestamp": null, "level": null, "name": "apps.users.models", "message": "User created: apiadmin@example.com (ID: eda82c4e-2e10-412d-a20f-8f45c71a2e19)"}
{"timestamp": null, "level": null, "name": "apps.users.models", "message": "[LOGIN] apiadmin@example.com from 127.0.0.1"}
{"timestamp": null, "level": null, "name": "apps.core.request", "message": "[req_92855e58cad1] POST /api/v1/auth/login/ -> 200 (0.31s) [anonymous]"}
{"timestamp": null, "level": null, "name": "apps.users.models", "message": "User created: apiadmin@example.com (ID: c6531e2b-925a-4dd6-b480-42fc6e3e9ee6)"}
{"timestamp": null, "level": null, "name": "apps.users.models", "message": "[LOGIN] apiadmin@example.com from 127.0.0.1"}
{"timestamp": null, "level": null, "name": "apps.core.request", "message": "[req_3d848f485341] POST /api/v1/auth/login/ -> 200 (0.31s) [anonymous]"}
{"timestamp": null, "level": null, "name": "apps.users.models", "message": "User created: apiadmin@example.com (ID: 928df1e9-3a92-421c-b795-e157e8292c40)"}
{"timestamp": null, "level": null, "name": "apps.users.models", "message": "[LOGIN] apiadmin@example.com from 127.0.0.1"}
{"timestamp": null, "level": null, "name": "apps.core.request", "message": "[req_d4d6809fc162] POST /api/v1/auth/login/ -> 200 (0.32s) [anonymous]"}
{"timestamp": null, "level": null, "name": "apps.users.models", "message": "User created: apiadmin@example.com (ID: abe82fe4-9d0d-4e9a-9276-1eb762d3fb5a)"}
{"timestamp": null, "level": null, "name": "apps.users.models", "message": "[LOGIN] apiadmin@example.com from 127.0.0.1"}
{"timestamp": null, "level": null, "name": "apps.core.request", "message": "[req_a07518ac2deb] POST /api/v1/auth/login/ -> 200 (0.31s) [anonymous]"}
{"timestamp": null, "level": null, "name": "apps.users.models", "message": "User created: apiadmin@example.com (ID: a6fd0d79-d234-434e-876e-ddb3dad3a705)"}
{"timestamp": null, "level": null, "name": "apps.users.models", "message": "[LOGIN] apiadmin@example.com from 127.0.0.1"}
{"timestamp": null, "level": null, "name": "apps.core.request", "message": "[req_5ef76f3b4773] POST /api/v1/auth/login/ -> 200 (0.31s) [anonymous]"}
{"timestamp": null, "level": null, "name": "apps.users.models", "message": "User created: apiadmin@example.com (ID: 88dccc53-bbb1-4339-8536-ee633f19b862)"}
{"timestamp": null, "level": null, "name": "apps.users.models", "message": "[LOGIN] apiadmin@example.com from 127.0.0.1"}
{"timestamp": null, "level": null, "name": "apps.core.request", "message": "[req_eb9401eaf0c0] POST /api/v1/auth/login/ -> 200 (0.31s) [anonymous]"}
{"timestamp": null, "level": null, "name": "apps.users.models", "message": "User created: apiadmin@example.com (ID: 85618412-4589-45f9-a4ae-393fabd96fd8)"}
{"timestamp": null, "level": null, "name": "apps.users.models", "message": "[LOGIN] apiadmin@example.com from 127.0.0.1"}
{"timestamp": null, "level": null, "name": "apps.core.request", "message": "[req_e20a9a8b35ac] POST /api/v1/auth/login/ -> 200 (0.31s) [anonymous]"}
{"timestamp": null, "level": null, "name": "apps.users.models", "message": "User created: apiadmin@example.com (ID: 950314f1-562b-4a3b-828d-8cb9da5adffd)"}
{"timestamp": null, "level": null, "name": "apps.users.models", "message": "[LOGIN] apiadmin@example.com from 127.0.0.1"}
{"timestamp": null, "level": null, "name": "apps.core.request", "message": "[req_3583b1c7172b] POST /api/v1/auth/login/ -> 200 (0.32s) [anonymous]"}
{"timestamp": null, "level": null, "name": "apps.users.models", "message": "User created: apiadmin@example.com (ID: 2582d8fb-7e34-42bd-8d3e-5ef66ea3cb82)"}
{"timestamp": null, "level": null, "name": "apps.users.models", "message": "[LOGIN] apiadmin@example.com from 127.0.0.1"}
{"timestamp": null, "level": null, "name": "apps.core.request", "message": "[req_32db06150e94] POST /api/v1/auth/login/ -> 200 (0.32s) [anonymous]"}
{"timestamp": null, "level": null, "name": "apps.users.models", "message": "User created: apiadmin@example.com (ID: d38ade9f-36ad-4cf2-bbf3-ee5beaf38fc9)"}
{"timestamp": null, "level": null, "name": "apps.users.models", "message": "[LOGIN] apiadmin@example.com from 127.0.0.1"}
{"timestamp": null, "level": null, "name": "apps.core.request", "message": "[req_69de0894225c] POST /api/v1/auth/login/ -> 200 (0.33s) [anonymous]"}
{"timestamp": null, "level": null, "name": "apps.users.models", "message": "User created: apiadmin@example.com (ID: f9220979-4555-4317-99a8-82cd897d4cac)"}
{"timestamp": null, "level": null, "name": "apps.users.models", "message": "[LOGIN] apiadmin@example.com from 127.0.0.1"}
{"timestamp": null, "level": null, "name": "apps.core.request", "message": "[req_3fd910a23f99] POST /api/v1/auth/login/ -> 200 (0.32s) [anonymous]"}
{"timestamp": null, "level": null, "name": "apps.users.models", "message": "User created: tadmin@example.com (ID: bde97deb-788c-4e49-bfd3-fb70166e81af)"}
{"timestamp": null, "level": null, "name": "apps.users.models", "message": "[LOGIN] tadmin@example.com from 127.0.0.1"}
{"timestamp": null, "level": null, "name": "apps.core.request", "message": "[req_6def2043d01b] POST /api/v1/auth/login/ -> 200 (0.42s) [anonymous]"}
{"timestamp": null, "level": null, "name": "apps.users.models", "message": "User created: test@example.com (ID: fe222502-6d96-43da-b569-9615e24603f1)"}
{"timestamp": null, "level": null, "name": "apps.users.models", "message": "User created: test@example.com (ID: ccd3e658-a553-4acc-86cf-147895846d78)"}
{"timestamp": null, "level": null, "name": "apps.users.models", "message": "User created: admin2@example.com (ID: c2ecf2c2-683c-4d75-a0d7-a4441155993d)"}
{"timestamp": null, "level": null, "name": "apps.users.models", "message": "User created: test@example.com (ID: 294c7e90-af76-4930-b26d-af2f5623deb4)"}
{"timestamp": null, "level": null, "name": "apps.users.models", "message": "User created: test2@example.com (ID: 6e28d810-f1ac-4cab-bfcc-171645e6967a)"}
{"timestamp": null, "level": null, "name": "apps.users.models", "message": "User created: test@example.com (ID: 40574d00-d9df-4885-b1fd-16435148b978)"}
{"timestamp": null, "level": null, "name": "apps.users.models", "message": "Account locked for test@example.com due to 5 failed login attempts"}
{"timestamp": null, "level": null, "name": "apps.users.models", "message": "User created: test@example.com (ID: 764d7db1-bc12-4935-a330-50a849177029)"}
{"timestamp": null, "level": null, "name": "apps.users.models", "message": "User created: test@example.com (ID: 099098a2-8e47-450d-8386-24544cc53490)"}
{"timestamp": null, "level": null, "name": "apps.users.models", "message": "User created: otp@example.com (ID: 9b22bd9b-15c6-48e7-a128-0864ffd24070)"}
{"timestamp": null, "level": null, "name": "apps.users.models", "message": "User created: otp@example.com (ID: 458530ac-7aee-4f48-a0ca-79b61f0b9282)"}
{"timestamp": null, "level": null, "name": "apps.users.models", "message": "User created: otp@example.com (ID: 60b2d0c8-3e7e-4b32-be97-df116b94d7a6)"}
{"timestamp": null, "level": null, "name": "apps.users.models", "message": "User created: apiadmin@example.com (ID: cc5ca927-047d-4e5d-be02-bed1334c5362)"}
{"timestamp": null, "level": null, "name": "apps.users.models", "message": "[LOGIN] apiadmin@example.com from 127.0.0.1"}
{"timestamp": null, "level": null, "name": "apps.core.request", "message": "[req_317a62dbe79c] POST /api/v1/auth/login/ -> 200 (0.42s) [anonymous]"}
{"timestamp": null, "level": null, "name": "apps.core.request", "message": "[req_97aa95b18e0e] GET /api/v1/health/ -> 200 (0.49s) [anonymous]"}
{"timestamp": null, "level": null, "name": "apps.users.models", "message": "User created: apiadmin@example.com (ID: 739383bf-aa67-40ed-9f09-8003bc9dcf95)"}
{"timestamp": null, "level": null, "name": "apps.users.models", "message": "[LOGIN] apiadmin@example.com from 127.0.0.1"}
{"timestamp": null, "level": null, "name": "apps.core.request", "message": "[req_af45921a5928] POST /api/v1/auth/login/ -> 200 (0.31s) [anonymous]"}
{"timestamp": null, "level": null, "name": "apps.core.request", "message": "[req_7bcdc8ff5df3] GET /api/v1/health/ -> 200 (0.00s) [anonymous]"}
{"timestamp": null, "level": null, "name": "apps.users.models", "message": "User created: apiadmin@example.com (ID: 614abfb6-066a-4eef-9f2c-4dd227219676)"}
{"timestamp": null, "level": null, "name": "apps.users.models", "message": "[LOGIN] apiadmin@example.com from 127.0.0.1"}
{"timestamp": null, "level": null, "name": "apps.core.request", "message": "[req_266a515eb474] POST /api/v1/auth/login/ -> 200 (0.33s) [anonymous]"}
{"timestamp": null, "level": null, "name": "apps.core.request", "message": "[req_2e54aba7c8cb] POST /api/v1/auth/login/ -> 400 (0.32s) [apiadmin (apiadmin@example.com)]"}
{"timestamp": null, "level": null, "name": "apps.users.models", "message": "User created: apiadmin@example.com (ID: 7e3fb689-7d3a-450c-ba37-4a334e632968)"}
{"timestamp": null, "level": null, "name": "apps.users.models", "message": "[LOGIN] apiadmin@example.com from 127.0.0.1"}
{"timestamp": null, "level": null, "name": "apps.core.request", "message": "[req_113632be1fd4] POST /api/v1/auth/login/ -> 200 (0.31s) [anonymous]"}
{"timestamp": null, "level": null, "name": "apps.core.request", "message": "[req_9f57df65a848] POST /api/v1/auth/login/ -> 400 (0.00s) [apiadmin (apiadmin@example.com)]"}
{"timestamp": null, "level": null, "name": "apps.users.models", "message": "User created: apiadmin@example.com (ID: 45fb18a0-b349-4e3c-a7d6-0e294b6bf1a7)"}
{"timestamp": null, "level": null, "name": "apps.users.models", "message": "[LOGIN] apiadmin@example.com from 127.0.0.1"}
{"timestamp": null, "level": null, "name": "apps.core.request", "message": "[req_5cf8016bc966] POST /api/v1/auth/login/ -> 200 (0.31s) [anonymous]"}
{"timestamp": null, "level": null, "name": "apps.users.models", "message": "[LOGIN] apiadmin@example.com from 127.0.0.1"}
{"timestamp": null, "level": null, "name": "apps.core.request", "message": "[req_63899bd87431] POST /api/v1/auth/login/ -> 200 (0.31s) [apiadmin (apiadmin@example.com)]"}
{"timestamp": null, "level": null, "name": "apps.users.models", "message": "User created: apiadmin@example.com (ID: 7d385a37-4689-4fc5-a330-75c92fdeabb3)"}
{"timestamp": null, "level": null, "name": "apps.users.models", "message": "[LOGIN] apiadmin@example.com from 127.0.0.1"}
{"timestamp": null, "level": null, "name": "apps.core.request", "message": "[req_30ec2a1303b3] POST /api/v1/auth/login/ -> 200 (0.31s) [anonymous]"}
{"timestamp": null, "level": null, "name": "apps.users.models", "message": "User created: new@example.com (ID: 14528d33-ac0f-44a0-be3e-d5f4a7b2daf1)"}
{"timestamp": null, "level": null, "name": "apps.core.request", "message": "[req_c1edd58da3df] POST /api/v1/auth/register/ -> 201 (0.31s) [apiadmin (apiadmin@example.com)]"}
{"timestamp": null, "level": null, "name": "apps.users.models", "message": "User created: apiadmin@example.com (ID: b8a1ccc8-9fee-4534-b786-c977d24aefbc)"}
{"timestamp": null, "level": null, "name": "apps.users.models", "message": "[LOGIN] apiadmin@example.com from 127.0.0.1"}
{"timestamp": null, "level": null, "name": "apps.core.request", "message": "[req_38e12d5794fa] POST /api/v1/auth/login/ -> 200 (0.31s) [anonymous]"}
{"timestamp": null, "level": null, "name": "apps.users.models", "message": "[LOGIN] apiadmin@example.com from 127.0.0.1"}
{"timestamp": null, "level": null, "name": "apps.core.request", "message": "[req_284674fb6f4d] POST /api/v1/auth/login/ -> 200 (0.31s) [apiadmin (apiadmin@example.com)]"}
{"timestamp": null, "level": null, "name": "apps.users.models", "message": "User created: apiadmin@example.com (ID: 88c30eaa-88f9-44b6-a3a1-fcc31899e357)"}
{"timestamp": null, "level": null, "name": "apps.users.models", "message": "[LOGIN] apiadmin@example.com from 127.0.0.1"}
{"timestamp": null, "level": null, "name": "apps.core.request", "message": "[req_d017483795c9] POST /api/v1/auth/login/ -> 200 (0.31s) [anonymous]"}
{"timestamp": null, "level": null, "name": "apps.users.models", "message": "User created: regular@example.com (ID: 8be24312-96fd-4937-ad77-98cbc90d3bee)"}
{"timestamp": null, "level": null, "name": "apps.users.models", "message": "[PASSWORD_CHANGE] apiadmin@example.com from 127.0.0.1"}
{"timestamp": null, "level": null, "name": "apps.core.request", "message": "[req_bac763833c52] POST /api/v1/users/change_password/ -> 200 (0.63s) [apiadmin (apiadmin@example.com)]"}
{"timestamp": null, "level": null, "name": "apps.users.models", "message": "User created: apiadmin@example.com (ID: a7ff1f85-2f86-4db5-9f64-198aacb7411d)"}
{"timestamp": null, "level": null, "name": "apps.users.models", "message": "[LOGIN] apiadmin@example.com from 127.0.0.1"}
{"timestamp": null, "level": null, "name": "apps.core.request", "message": "[req_49a5a4942442] POST /api/v1/auth/login/ -> 200 (0.31s) [anonymous]"}
{"timestamp": null, "level": null, "name": "apps.users.models", "message": "User created: regular@example.com (ID: 8c0fddd0-5de2-4c8e-847d-6f2ffb233d64)"}
{"timestamp": null, "level": null, "name": "apps.core.request", "message": "[req_17a38806bdd5] GET /api/v1/users/me/ -> 200 (0.00s) [apiadmin (apiadmin@example.com)]"}
{"timestamp": null, "level": null, "name": "apps.users.models", "message": "User created: apiadmin@example.com (ID: f0858e59-03c0-4ddc-ab85-9e4b32c85b20)"}
{"timestamp": null, "level": null, "name": "apps.users.models", "message": "[LOGIN] apiadmin@example.com from 127.0.0.1"}
{"timestamp": null, "level": null, "name": "apps.core.request", "message": "[req_b8f5f596a225] POST /api/v1/auth/login/ -> 200 (0.31s) [anonymous]"}
{"timestamp": null, "level": null, "name": "apps.users.models", "message": "User created: regular@example.com (ID: e836a22d-a38b-4398-aca4-ccbd64e59e84)"}
{"timestamp": null, "level": null, "name": "apps.core.request", "message": "[req_2b6ea0fc34f4] GET /api/v1/users/e836a22d-a38b-4398-aca4-ccbd64e59e84/ -> 200 (0.00s) [apiadmin (apiadmin@example.com)]"}
{"timestamp": null, "level": null, "name": "apps.users.models", "message": "User created: apiadmin@example.com (ID: f8745225-48e4-4033-9f24-f51d9b8f65a0)"}
{"timestamp": null, "level": null, "name": "apps.users.models", "message": "[LOGIN] apiadmin@example.com from 127.0.0.1"}
{"timestamp": null, "level": null, "name": "apps.core.request", "message": "[req_1db0930342f2] POST /api/v1/auth/login/ -> 200 (0.31s) [anonymous]"}
{"timestamp": null, "level": null, "name": "apps.users.models", "message": "User created: regular@example.com (ID: 915ce18c-f5c7-4271-8f30-ba37d2780df4)"}
{"timestamp": null, "level": null, "name": "apps.core.request", "message": "[req_8feb944e1ac0] GET /api/v1/users/ -> 200 (0.01s) [apiadmin (apiadmin@example.com)]"}
{"timestamp": null, "level": null, "name": "apps.users.models", "message": "User created: apiadmin@example.com (ID: 4d8f02fa-98e9-4dd3-8c11-85fa0bc5bf2d)"}
{"timestamp": null, "level": null, "name": "apps.users.models", "message": "[LOGIN] apiadmin@example.com from 127.0.0.1"}
{"timestamp": null, "level": null, "name": "apps.core.request", "message": "[req_38b8f9a589d6] POST /api/v1/auth/login/ -> 200 (0.31s) [anonymous]"}
{"timestamp": null, "level": null, "name": "apps.users.models", "message": "User created: regular@example.com (ID: d1f9d7dc-614b-4ea5-9883-5eb9041bdbe7)"}
{"timestamp": null, "level": null, "name": "apps.users.models", "message": "[PROFILE_UPDATE] apiadmin@example.com from 127.0.0.1"}
{"timestamp": null, "level": null, "name": "apps.core.request", "message": "[req_8a4ce25c4e3c] PUT /api/v1/users/update_profile/ -> 200 (0.00s) [apiadmin (apiadmin@example.com)]"}
{"timestamp": null, "level": null, "name": "apps.users.models", "message": "User created: apiadmin@example.com (ID: d2d6b81b-99bf-49d1-bdfe-09d71bd61678)"}
{"timestamp": null, "level": null, "name": "apps.users.models", "message": "[LOGIN] apiadmin@example.com from 127.0.0.1"}
{"timestamp": null, "level": null, "name": "apps.core.request", "message": "[req_b32cef23bda5] POST /api/v1/auth/login/ -> 200 (0.31s) [anonymous]"}
{"timestamp": null, "level": null, "name": "apps.core.request", "message": "[req_8e69692121df] GET /api/v1/users/permissions/modules/ -> 200 (0.00s) [apiadmin (apiadmin@example.com)]"}
{"timestamp": null, "level": null, "name": "apps.users.models", "message": "User created: apiadmin@example.com (ID: 470f5abf-c500-4949-9f7d-3d79dd2e13cc)"}
{"timestamp": null, "level": null, "name": "apps.users.models", "message": "[LOGIN] apiadmin@example.com from 127.0.0.1"}
{"timestamp": null, "level": null, "name": "apps.core.request", "message": "[req_6fc740970d01] POST /api/v1/auth/login/ -> 200 (0.31s) [anonymous]"}
{"timestamp": null, "level": null, "name": "apps.core.request", "message": "[req_f9c3efe9bfbb] GET /api/v1/users/permissions/ -> 404 (0.00s) [apiadmin (apiadmin@example.com)]"}
{"timestamp": null, "level": null, "name": "apps.users.models", "message": "User created: apiadmin@example.com (ID: 809c3afa-30a6-452f-bcbe-c9d996c8a678)"}
{"timestamp": null, "level": null, "name": "apps.users.models", "message": "[LOGIN] apiadmin@example.com from 127.0.0.1"}
{"timestamp": null, "level": null, "name": "apps.core.request", "message": "[req_d45b73b40975] POST /api/v1/auth/login/ -> 200 (0.32s) [anonymous]"}
{"timestamp": null, "level": null, "name": "apps.core.request", "message": "[req_83f1e884f414] POST /api/v1/users/groups/ -> 405 (0.00s) [apiadmin (apiadmin@example.com)]"}
{"timestamp": null, "level": null, "name": "apps.users.models", "message": "User created: apiadmin@example.com (ID: a48307f0-3a19-478c-8905-85a4b17a5bd7)"}
{"timestamp": null, "level": null, "name": "apps.users.models", "message": "[LOGIN] apiadmin@example.com from 127.0.0.1"}
{"timestamp": null, "level": null, "name": "apps.core.request", "message": "[req_fce93c897ae7] POST /api/v1/auth/login/ -> 200 (0.31s) [anonymous]"}
{"timestamp": null, "level": null, "name": "apps.core.request", "message": "[req_382bfc133356] GET /api/v1/users/groups/d42c9050-94fa-47f5-93c7-43fa78be1fa3/ -> 200 (0.00s) [apiadmin (apiadmin@example.com)]"}
{"timestamp": null, "level": null, "name": "apps.users.models", "message": "User created: apiadmin@example.com (ID: 4be40a64-c314-43ca-b8bc-599be9eddf17)"}
{"timestamp": null, "level": null, "name": "apps.users.models", "message": "[LOGIN] apiadmin@example.com from 127.0.0.1"}
{"timestamp": null, "level": null, "name": "apps.core.request", "message": "[req_7196f5f134e7] POST /api/v1/auth/login/ -> 200 (0.31s) [anonymous]"}
{"timestamp": null, "level": null, "name": "apps.core.request", "message": "[req_8e43da7c052d] GET /api/v1/users/groups/ -> 404 (0.00s) [apiadmin (apiadmin@example.com)]"}
{"timestamp": null, "level": null, "name": "apps.users.models", "message": "User created: apiadmin@example.com (ID: df620fa4-96aa-4744-8a28-d2a83d744ba0)"}
{"timestamp": null, "level": null, "name": "apps.users.models", "message": "[LOGIN] apiadmin@example.com from 127.0.0.1"}
{"timestamp": null, "level": null, "name": "apps.core.request", "message": "[req_2233a66cb421] POST /api/v1/auth/login/ -> 200 (0.31s) [anonymous]"}
{"timestamp": null, "level": null, "name": "apps.core.request", "message": "[req_aef817ded324] GET /api/v1/users/me/ -> 401 (0.00s) [anonymous]"}
{"timestamp": null, "level": null, "name": "apps.users.models", "message": "User created: apiadmin@example.com (ID: 4ba7113a-2e5f-4e36-a73d-8336edc7d129)"}
{"timestamp": null, "level": null, "name": "apps.users.models", "message": "[LOGIN] apiadmin@example.com from 127.0.0.1"}
{"timestamp": null, "level": null, "name": "apps.core.request", "message": "[req_c9803ef479e8] POST /api/v1/auth/login/ -> 200 (0.31s) [anonymous]"}
{"timestamp": null, "level": null, "name": "apps.core.request", "message": "[req_153b918e0368] GET /api/v1/users/me/ -> 200 (0.00s) [apiadmin (apiadmin@example.com)]"}
{"timestamp": null, "level": null, "name": "apps.core.request", "message": "[req_7efe420b4ad4] GET /admin/login/ -> 302 (0.07s) [anonymous]"}
{"timestamp": null, "level": null, "name": "apps.core.request", "message": "[req_7803308804b0] GET /admin/login/ -> 302 (0.00s) [anonymous]"}
{"timestamp": null, "level": null, "name": "apps.core.request", "message": "[req_59f9d3930d7a] GET /admin/login/ -> 302 (0.00s) [anonymous]"}
{"timestamp": null, "level": null, "name": "apps.core.request", "message": "[req_b759fd0b3562] GET /admin/login/ -> 302 (0.00s) [anonymous]"}
{"timestamp": null, "level": null, "name": "apps.core.request", "message": "[req_f974295b9d96] GET /admin/login/ -> 302 (0.00s) [anonymous]"}
{"timestamp": null, "level": null, "name": "apps.core.request", "message": "[req_1353dc99edeb] GET /admin/login/ -> 302 (0.00s) [anonymous]"}
{"timestamp": null, "level": null, "name": "apps.core.request", "message": "[req_5674bbc8a55d] GET /admin/login/ -> 302 (0.00s) [anonymous]"}
{"timestamp": null, "level": null, "name": "apps.core.request", "message": "[req_f1cb8d1d5ac4] GET /admin/login/ -> 302 (0.00s) [anonymous]"}
{"timestamp": null, "level": null, "name": "apps.core.request", "message": "[req_df3e3a66ad95] GET /admin/login/ -> 302 (0.00s) [anonymous]"}
{"timestamp": null, "level": null, "name": "apps.core.request", "message": "[req_1109f5cecfde] GET /admin/login/ -> 302 (0.00s) [anonymous]"}
{"timestamp": null, "level": null, "name": "apps.core.request", "message": "[req_59098f7dd954] GET /admin/login/ -> 302 (0.00s) [anonymous]"}
{"timestamp": null, "level": null, "name": "apps.core.request", "message": "[req_cd4fca2fdd46] GET /admin/login/ -> 302 (0.00s) [anonymous]"}
{"timestamp": null, "level": null, "name": "apps.core.request", "message": "[req_376503ba7f3d] GET /admin/login/ -> 302 (0.00s) [anonymous]"}
{"timestamp": null, "level": null, "name": "apps.core.request", "message": "[req_843411831f59] GET /admin/login/ -> 302 (0.00s) [anonymous]"}
{"timestamp": null, "level": null, "name": "apps.core.request", "message": "[req_ac8cd495583a] GET /admin/login/ -> 302 (0.00s) [anonymous]"}
{"timestamp": null, "level": null, "name": "apps.core.request", "message": "[req_e82f32f1abbe] GET /admin/login/ -> 302 (0.00s) [anonymous]"}
{"timestamp": null, "level": null, "name": "apps.core.request", "message": "[req_b7f8e7f78ab3] GET /admin/login/ -> 302 (0.00s) [anonymous]"}
{"timestamp": null, "level": null, "name": "apps.core.request", "message": "[req_3f889661d1b0] GET /admin/login/ -> 302 (0.00s) [anonymous]"}
{"timestamp": null, "level": null, "name": "apps.core.request", "message": "[req_48ecb81d9acc] GET /admin/login/ -> 302 (0.00s) [anonymous]"}
{"timestamp": null, "level": null, "name": "apps.core.request", "message": "[req_c84874f3f243] GET /admin/login/ -> 302 (0.00s) [anonymous]"}
{"timestamp": null, "level": null, "name": "apps.users.models", "message": "[LOGIN] tadmin@example.com from 127.0.0.1"}
{"timestamp": null, "level": null, "name": "apps.core.request", "message": "[req_34615583e26e] POST /api/v1/auth/login/ -> 200 (0.42s) [anonymous]"}
{"timestamp": null, "level": null, "name": "apps.core.request", "message": "[req_ddd603fd7eb1] GET /api/v1/health/ -> 200 (0.06s) [anonymous]"}
{"timestamp": null, "level": null, "name": "apps.users.models", "message": "User created: test2@example.com (ID: 1ba6bb01-79d2-4c6e-8071-413b7de490cd)"}
{"timestamp": null, "level": null, "name": "apps.core.request", "message": "[req_6b0e3242e19c] GET /api/v1/users/1ba6bb01-79d2-4c6e-8071-413b7de490cd/ -> 200 (0.01s) [tadmin (tadmin@example.com)]"}
{"timestamp": null, "level": null, "name": "apps.core.request", "message": "[req_4dad9b34b7c0] GET /api/v1/users/groups/ -> 404 (0.00s) [tadmin (tadmin@example.com)]"}
{"timestamp": null, "level": null, "name": "apps.core.request", "message": "[req_836809c46fe0] GET /api/v1/users/permissions/ -> 404 (0.00s) [tadmin (tadmin@example.com)]"}
{"timestamp": null, "level": null, "name": "apps.core.request", "message": "[req_3021c813ebc5] POST /api/v1/auth/refresh/ -> 401 (0.01s) [anonymous]"}
{"timestamp": null, "level": null, "name": "apps.users.models", "message": "User created: test@example.com (ID: ed765c36-a0fa-4fd9-9569-47198cbb407a)"}
{"timestamp": null, "level": null, "name": "apps.users.models", "message": "User created: test@example.com (ID: f55c73f9-9d6f-4c82-b61a-4f3306d8aab1)"}
{"timestamp": null, "level": null, "name": "apps.users.models", "message": "User created: admin2@example.com (ID: 9f350063-41a5-4e73-bee0-89c200f62a4d)"}
{"timestamp": null, "level": null, "name": "apps.users.models", "message": "User created: test@example.com (ID: 1f07a0b9-d295-40f6-8cf6-3dab48c5797e)"}
{"timestamp": null, "level": null, "name": "apps.users.models", "message": "User created: test2@example.com (ID: 1c72c107-8dc5-4e20-b4d3-fb691622388e)"}
{"timestamp": null, "level": null, "name": "apps.users.models", "message": "User created: test@example.com (ID: e2618089-6705-4c4e-91d0-bcf7a36ec357)"}
{"timestamp": null, "level": null, "name": "apps.users.models", "message": "Account locked for test@example.com due to 5 failed login attempts"}
{"timestamp": null, "level": null, "name": "apps.users.models", "message": "User created: test@example.com (ID: 4f4e5bae-2365-4e5e-87f1-e89c194a63d4)"}
{"timestamp": null, "level": null, "name": "apps.users.models", "message": "User created: test@example.com (ID: af23140a-2cec-4889-af70-4ea035df2bc5)"}
{"timestamp": null, "level": null, "name": "apps.users.models", "message": "User created: otp@example.com (ID: 3b37038b-dfde-4a7a-9e53-5aa264ba1e0b)"}
{"timestamp": null, "level": null, "name": "apps.users.models", "message": "User created: otp@example.com (ID: 7341cbea-8049-4b01-8c59-72ca8feef9f8)"}
{"timestamp": null, "level": null, "name": "apps.users.models", "message": "User created: otp@example.com (ID: a57b8b3e-e2d9-48f0-9bd7-931e60b10c5b)"}
{"timestamp": null, "level": null, "name": "apps.users.models", "message": "User created: apiadmin@example.com (ID: 331f66f9-31a7-45f6-a14c-f950e4768d73)"}
{"timestamp": null, "level": null, "name": "apps.users.models", "message": "[LOGIN] apiadmin@example.com from 127.0.0.1"}
{"timestamp": null, "level": null, "name": "apps.core.request", "message": "[req_5bc429ebb25c] POST /api/v1/auth/login/ -> 200 (0.43s) [anonymous]"}
{"timestamp": null, "level": null, "name": "apps.core.request", "message": "[req_e0e8c0f5dade] GET /api/v1/health/ -> 200 (0.05s) [anonymous]"}
{"timestamp": null, "level": null, "name": "apps.users.models", "message": "User created: apiadmin@example.com (ID: a944d3a3-5fae-48bd-b013-f023030e5ab4)"}
{"timestamp": null, "level": null, "name": "apps.users.models", "message": "[LOGIN] apiadmin@example.com from 127.0.0.1"}
{"timestamp": null, "level": null, "name": "apps.core.request", "message": "[req_12a5aab58e08] POST /api/v1/auth/login/ -> 200 (0.32s) [anonymous]"}
{"timestamp": null, "level": null, "name": "apps.core.request", "message": "[req_b19e39b0d365] GET /api/v1/health/ -> 200 (0.00s) [anonymous]"}
{"timestamp": null, "level": null, "name": "apps.users.models", "message": "User created: apiadmin@example.com (ID: 837435d6-3a31-4ab1-88d5-0a14c626e7e2)"}
{"timestamp": null, "level": null, "name": "apps.users.models", "message": "[LOGIN] apiadmin@example.com from 127.0.0.1"}
{"timestamp": null, "level": null, "name": "apps.core.request", "message": "[req_f0f8f4ea0c93] POST /api/v1/auth/login/ -> 200 (0.32s) [anonymous]"}
{"timestamp": null, "level": null, "name": "apps.core.request", "message": "[req_2144d6211f6c] POST /api/v1/auth/login/ -> 400 (0.32s) [apiadmin (apiadmin@example.com)]"}
{"timestamp": null, "level": null, "name": "apps.users.models", "message": "User created: apiadmin@example.com (ID: 255765d3-ec7e-4fab-af7a-e196db781a00)"}
{"timestamp": null, "level": null, "name": "apps.users.models", "message": "[LOGIN] apiadmin@example.com from 127.0.0.1"}
{"timestamp": null, "level": null, "name": "apps.core.request", "message": "[req_d24f57199218] POST /api/v1/auth/login/ -> 200 (0.32s) [anonymous]"}
{"timestamp": null, "level": null, "name": "apps.core.request", "message": "[req_4ff2d05e0477] POST /api/v1/auth/login/ -> 400 (0.00s) [apiadmin (apiadmin@example.com)]"}
{"timestamp": null, "level": null, "name": "apps.users.models", "message": "User created: apiadmin@example.com (ID: 58ad18a0-648c-4498-9600-096f4becb7c9)"}
{"timestamp": null, "level": null, "name": "apps.users.models", "message": "[LOGIN] apiadmin@example.com from 127.0.0.1"}
{"timestamp": null, "level": null, "name": "apps.core.request", "message": "[req_722d096eeef6] POST /api/v1/auth/login/ -> 200 (0.32s) [anonymous]"}
{"timestamp": null, "level": null, "name": "apps.users.models", "message": "[LOGIN] apiadmin@example.com from 127.0.0.1"}
{"timestamp": null, "level": null, "name": "apps.core.request", "message": "[req_d51096d3eff4] POST /api/v1/auth/login/ -> 200 (0.32s) [apiadmin (apiadmin@example.com)]"}
{"timestamp": null, "level": null, "name": "apps.users.models", "message": "User created: apiadmin@example.com (ID: d51afe3b-895a-4752-a777-8914fdd90908)"}
{"timestamp": null, "level": null, "name": "apps.users.models", "message": "[LOGIN] apiadmin@example.com from 127.0.0.1"}
{"timestamp": null, "level": null, "name": "apps.core.request", "message": "[req_a97e256e70f6] POST /api/v1/auth/login/ -> 200 (0.32s) [anonymous]"}
{"timestamp": null, "level": null, "name": "apps.users.models", "message": "User created: new@example.com (ID: b0951b58-6efb-4d78-88ef-9a34965fc35e)"}
{"timestamp": null, "level": null, "name": "apps.core.request", "message": "[req_31c53b110a87] POST /api/v1/auth/register/ -> 201 (0.32s) [apiadmin (apiadmin@example.com)]"}
{"timestamp": null, "level": null, "name": "apps.users.models", "message": "User created: apiadmin@example.com (ID: 23b60654-3e8e-47d3-9981-bc59bbe01f85)"}
{"timestamp": null, "level": null, "name": "apps.users.models", "message": "[LOGIN] apiadmin@example.com from 127.0.0.1"}
{"timestamp": null, "level": null, "name": "apps.core.request", "message": "[req_2c8af2b4dfd7] POST /api/v1/auth/login/ -> 200 (0.32s) [anonymous]"}
{"timestamp": null, "level": null, "name": "apps.users.models", "message": "[LOGIN] apiadmin@example.com from 127.0.0.1"}
{"timestamp": null, "level": null, "name": "apps.core.request", "message": "[req_482b5f9c67fe] POST /api/v1/auth/login/ -> 200 (0.32s) [apiadmin (apiadmin@example.com)]"}
{"timestamp": null, "level": null, "name": "apps.core.request", "message": "[req_2f2b27daf784] POST /api/v1/auth/refresh/ -> 200 (0.01s) [anonymous]"}
{"timestamp": null, "level": null, "name": "apps.users.models", "message": "User created: apiadmin@example.com (ID: 5ae94370-d230-4948-b7a1-7a9b3a11fa3c)"}
{"timestamp": null, "level": null, "name": "apps.users.models", "message": "[LOGIN] apiadmin@example.com from 127.0.0.1"}
{"timestamp": null, "level": null, "name": "apps.core.request", "message": "[req_c841d07ff511] POST /api/v1/auth/login/ -> 200 (0.32s) [anonymous]"}
{"timestamp": null, "level": null, "name": "apps.users.models", "message": "User created: regular@example.com (ID: 11c71a78-4c5f-4131-a6bc-45e6b2816cee)"}
{"timestamp": null, "level": null, "name": "apps.users.models", "message": "[PASSWORD_CHANGE] apiadmin@example.com from 127.0.0.1"}
{"timestamp": null, "level": null, "name": "apps.core.request", "message": "[req_dc6e1091f369] POST /api/v1/users/users/change_password/ -> 200 (0.62s) [apiadmin (apiadmin@example.com)]"}
{"timestamp": null, "level": null, "name": "apps.users.models", "message": "User created: apiadmin@example.com (ID: 373ca37e-62e4-45a8-9461-8c93b0266c74)"}
{"timestamp": null, "level": null, "name": "apps.users.models", "message": "[LOGIN] apiadmin@example.com from 127.0.0.1"}
{"timestamp": null, "level": null, "name": "apps.core.request", "message": "[req_c960d25f28fe] POST /api/v1/auth/login/ -> 200 (0.32s) [anonymous]"}
{"timestamp": null, "level": null, "name": "apps.users.models", "message": "User created: regular@example.com (ID: cd747294-a7a5-42c7-be62-8186264987f9)"}
{"timestamp": null, "level": null, "name": "apps.core.request", "message": "[req_07ec618945a7] GET /api/v1/users/users/me/ -> 200 (0.00s) [apiadmin (apiadmin@example.com)]"}
{"timestamp": null, "level": null, "name": "apps.users.models", "message": "User created: apiadmin@example.com (ID: 55ed1e71-ff73-43e0-8f11-7c399366c485)"}
{"timestamp": null, "level": null, "name": "apps.users.models", "message": "[LOGIN] apiadmin@example.com from 127.0.0.1"}
{"timestamp": null, "level": null, "name": "apps.core.request", "message": "[req_629f4136d77e] POST /api/v1/auth/login/ -> 200 (0.32s) [anonymous]"}
{"timestamp": null, "level": null, "name": "apps.users.models", "message": "User created: regular@example.com (ID: 5d9557e7-b803-4ffa-8197-1512de172663)"}
{"timestamp": null, "level": null, "name": "apps.core.request", "message": "[req_72bc0ed7ae02] GET /api/v1/users/users/5d9557e7-b803-4ffa-8197-1512de172663/ -> 200 (0.01s) [apiadmin (apiadmin@example.com)]"}
{"timestamp": null, "level": null, "name": "apps.users.models", "message": "User created: apiadmin@example.com (ID: bc88e57c-05d5-4a01-bc6f-f2bf9a8054e2)"}
{"timestamp": null, "level": null, "name": "apps.users.models", "message": "[LOGIN] apiadmin@example.com from 127.0.0.1"}
{"timestamp": null, "level": null, "name": "apps.core.request", "message": "[req_92b146e5700e] POST /api/v1/auth/login/ -> 200 (0.32s) [anonymous]"}
{"timestamp": null, "level": null, "name": "apps.users.models", "message": "User created: regular@example.com (ID: fe58a0e3-faaa-4799-b9b4-c329dbb8e7c7)"}
{"timestamp": null, "level": null, "name": "apps.core.request", "message": "[req_65ff13fcf6fe] GET /api/v1/users/users/ -> 200 (0.01s) [apiadmin (apiadmin@example.com)]"}
{"timestamp": null, "level": null, "name": "apps.users.models", "message": "User created: apiadmin@example.com (ID: 7ce6f049-2bdf-4454-9d7d-0f44db1bf9a3)"}
{"timestamp": null, "level": null, "name": "apps.users.models", "message": "[LOGIN] apiadmin@example.com from 127.0.0.1"}
{"timestamp": null, "level": null, "name": "apps.core.request", "message": "[req_8923bcd922b9] POST /api/v1/auth/login/ -> 200 (0.32s) [anonymous]"}
{"timestamp": null, "level": null, "name": "apps.users.models", "message": "User created: regular@example.com (ID: 8676027e-af8d-417e-b545-76902c8aff32)"}
{"timestamp": null, "level": null, "name": "apps.users.models", "message": "[PROFILE_UPDATE] apiadmin@example.com from 127.0.0.1"}
{"timestamp": null, "level": null, "name": "apps.core.request", "message": "[req_d5983de7b5ce] PUT /api/v1/users/users/update_profile/ -> 200 (0.00s) [apiadmin (apiadmin@example.com)]"}
{"timestamp": null, "level": null, "name": "apps.users.models", "message": "User created: apiadmin@example.com (ID: 0f151cbb-0c6e-4fb9-9de7-7d5e8612eabc)"}
{"timestamp": null, "level": null, "name": "apps.users.models", "message": "[LOGIN] apiadmin@example.com from 127.0.0.1"}
{"timestamp": null, "level": null, "name": "apps.core.request", "message": "[req_6b5c70bb3bb0] POST /api/v1/auth/login/ -> 200 (0.32s) [anonymous]"}
{"timestamp": null, "level": null, "name": "apps.core.request", "message": "[req_94c1a99e4b34] GET /api/v1/users/permissions/modules/ -> 200 (0.00s) [apiadmin (apiadmin@example.com)]"}
{"timestamp": null, "level": null, "name": "apps.users.models", "message": "User created: apiadmin@example.com (ID: 5cb957cd-cb41-4c6f-80a9-3748a560d400)"}
{"timestamp": null, "level": null, "name": "apps.users.models", "message": "[LOGIN] apiadmin@example.com from 127.0.0.1"}
{"timestamp": null, "level": null, "name": "apps.core.request", "message": "[req_7960c7e7bb76] POST /api/v1/auth/login/ -> 200 (0.32s) [anonymous]"}
{"timestamp": null, "level": null, "name": "apps.core.request", "message": "[req_0bdb27fb8fdb] GET /api/v1/users/permissions/ -> 200 (0.00s) [apiadmin (apiadmin@example.com)]"}
{"timestamp": null, "level": null, "name": "apps.users.models", "message": "User created: apiadmin@example.com (ID: c24ed8a0-3ac4-4ea2-b75b-5e4c6a798e85)"}
{"timestamp": null, "level": null, "name": "apps.users.models", "message": "[LOGIN] apiadmin@example.com from 127.0.0.1"}
{"timestamp": null, "level": null, "name": "apps.core.request", "message": "[req_47c2f01c3895] POST /api/v1/auth/login/ -> 200 (0.34s) [anonymous]"}
{"timestamp": null, "level": null, "name": "apps.core.request", "message": "[req_f957a59d92b9] POST /api/v1/users/groups/ -> 400 (0.00s) [apiadmin (apiadmin@example.com)]"}
{"timestamp": null, "level": null, "name": "apps.users.models", "message": "User created: apiadmin@example.com (ID: 3e98759d-90ab-4636-92b8-f9369657dd07)"}
{"timestamp": null, "level": null, "name": "apps.users.models", "message": "[LOGIN] apiadmin@example.com from 127.0.0.1"}
{"timestamp": null, "level": null, "name": "apps.core.request", "message": "[req_11edfef14bba] POST /api/v1/auth/login/ -> 200 (0.32s) [anonymous]"}
{"timestamp": null, "level": null, "name": "apps.core.request", "message": "[req_99f530200be2] GET /api/v1/users/groups/3f135a92-1061-4a4e-95c9-040fa227330a/ -> 200 (0.00s) [apiadmin (apiadmin@example.com)]"}
{"timestamp": null, "level": null, "name": "apps.users.models", "message": "User created: apiadmin@example.com (ID: e2b24b8f-f1ac-4cf1-9a16-4b6fc6954292)"}
{"timestamp": null, "level": null, "name": "apps.users.models", "message": "[LOGIN] apiadmin@example.com from 127.0.0.1"}
{"timestamp": null, "level": null, "name": "apps.core.request", "message": "[req_060db127f0fe] POST /api/v1/auth/login/ -> 200 (0.32s) [anonymous]"}
{"timestamp": null, "level": null, "name": "apps.core.request", "message": "[req_dad33fba6608] GET /api/v1/users/groups/ -> 200 (0.00s) [apiadmin (apiadmin@example.com)]"}
{"timestamp": null, "level": null, "name": "apps.users.models", "message": "User created: apiadmin@example.com (ID: 8994fccb-973a-4cb0-9dd1-620d16c503c4)"}
{"timestamp": null, "level": null, "name": "apps.users.models", "message": "[LOGIN] apiadmin@example.com from 127.0.0.1"}
{"timestamp": null, "level": null, "name": "apps.core.request", "message": "[req_126c1e4d88a1] POST /api/v1/auth/login/ -> 200 (0.32s) [anonymous]"}
{"timestamp": null, "level": null, "name": "apps.core.request", "message": "[req_5301f4ee7477] GET /api/v1/users/users/me/ -> 401 (0.00s) [anonymous]"}
{"timestamp": null, "level": null, "name": "apps.users.models", "message": "User created: apiadmin@example.com (ID: a8d79d09-0011-45f8-856b-d387c942ea0a)"}
{"timestamp": null, "level": null, "name": "apps.users.models", "message": "[LOGIN] apiadmin@example.com from 127.0.0.1"}
{"timestamp": null, "level": null, "name": "apps.core.request", "message": "[req_093de0cb25de] POST /api/v1/auth/login/ -> 200 (0.32s) [anonymous]"}
{"timestamp": null, "level": null, "name": "apps.core.request", "message": "[req_537ba48a6553] GET /api/v1/users/users/me/ -> 200 (0.00s) [apiadmin (apiadmin@example.com)]"}
{"timestamp": null, "level": null, "name": "apps.users.models", "message": "User created: tadmin2@example.com (ID: df5e6bf0-9a96-45d5-a343-a6cf918265d7)"}
{"timestamp": null, "level": null, "name": "apps.users.models", "message": "[LOGIN] tadmin2@example.com from 127.0.0.1"}
{"timestamp": null, "level": null, "name": "apps.core.request", "message": "[req_2c347abe4ddb] POST /api/v1/auth/login/ -> 200 (0.42s) [anonymous]"}
{"timestamp": null, "level": null, "name": "apps.core.request", "message": "[req_51c4e984514e] GET /api/v1/health/ -> 200 (0.06s) [anonymous]"}
{"timestamp": null, "level": null, "name": "apps.users.models", "message": "User created: tadmin3@example.com (ID: 9422d26b-41cc-4b15-9742-6aedb2c78186)"}
{"timestamp": null, "level": null, "name": "apps.users.models", "message": "[LOGIN] tadmin3@example.com from 127.0.0.1"}
{"timestamp": null, "level": null, "name": "apps.core.request", "message": "[req_7e0309e312e6] POST /api/v1/auth/login/ -> 200 (0.42s) [anonymous]"}
{"timestamp": null, "level": null, "name": "apps.core.request", "message": "[req_2813b9a4c0b3] GET /api/v1/health/ -> 200 (0.06s) [anonymous]"}
{"timestamp": null, "level": null, "name": "apps.core.request", "message": "[req_68b9fc8a09c8] GET /api/v1/users/users/ -> 200 (0.01s) [tadmin3 (tadmin3@example.com)]"}
{"timestamp": null, "level": null, "name": "apps.core.request", "message": "[req_49a8175b50c6] POST /api/v1/users/groups/ -> 400 (0.00s) [tadmin3 (tadmin3@example.com)]"}
{"timestamp": null, "level": null, "name": "apps.core.request", "message": "[req_dc3618cfe799] GET /admin/login/ -> 302 (0.06s) [anonymous]"}
{"timestamp": null, "level": null, "name": "apps.core.request", "message": "[req_64b24b60ea44] GET /admin/login/ -> 302 (0.00s) [anonymous]"}
{"timestamp": null, "level": null, "name": "apps.core.request", "message": "[req_6559cf0bf785] GET /admin/login/ -> 302 (0.00s) [anonymous]"}
{"timestamp": null, "level": null, "name": "apps.core.request", "message": "[req_381205d7d927] GET /admin/login/ -> 302 (0.00s) [anonymous]"}
{"timestamp": null, "level": null, "name": "apps.core.request", "message": "[req_38e22e61c15e] GET /admin/login/ -> 302 (0.00s) [anonymous]"}
{"timestamp": null, "level": null, "name": "apps.core.request", "message": "[req_a234b73a9bc1] GET /admin/login/ -> 302 (0.00s) [anonymous]"}
{"timestamp": null, "level": null, "name": "apps.core.request", "message": "[req_ebb6f7c48d56] GET /admin/login/ -> 302 (0.00s) [anonymous]"}
{"timestamp": null, "level": null, "name": "apps.core.request", "message": "[req_63add1e32435] GET /admin/login/ -> 302 (0.00s) [anonymous]"}
{"timestamp": null, "level": null, "name": "apps.core.request", "message": "[req_a5d83fd8fb6a] GET /admin/login/ -> 302 (0.00s) [anonymous]"}
{"timestamp": null, "level": null, "name": "apps.core.request", "message": "[req_46008ff5f1a0] GET /admin/login/ -> 302 (0.00s) [anonymous]"}
{"timestamp": null, "level": null, "name": "apps.core.request", "message": "[req_f3ba9a03284b] GET /admin/login/ -> 302 (0.00s) [anonymous]"}
{"timestamp": null, "level": null, "name": "apps.core.request", "message": "[req_090c30ee2c19] GET /admin/login/ -> 302 (0.00s) [anonymous]"}
{"timestamp": null, "level": null, "name": "apps.core.request", "message": "[req_3c6cc4dd58c7] GET /admin/login/ -> 302 (0.00s) [anonymous]"}
{"timestamp": null, "level": null, "name": "apps.core.request", "message": "[req_5e97ded6e2ae] GET /admin/login/ -> 302 (0.00s) [anonymous]"}
{"timestamp": null, "level": null, "name": "apps.core.request", "message": "[req_fda7b0ff2b0f] GET /admin/login/ -> 302 (0.00s) [anonymous]"}
{"timestamp": null, "level": null, "name": "apps.core.request", "message": "[req_4fb7034fd14e] GET /admin/login/ -> 302 (0.00s) [anonymous]"}
{"timestamp": null, "level": null, "name": "apps.core.request", "message": "[req_4d7216f36ae6] GET /admin/login/ -> 302 (0.00s) [anonymous]"}
{"timestamp": null, "level": null, "name": "apps.core.request", "message": "[req_c556d1136393] GET /admin/login/ -> 302 (0.00s) [anonymous]"}
{"timestamp": null, "level": null, "name": "apps.core.request", "message": "[req_579c128182ae] GET /admin/login/ -> 302 (0.00s) [anonymous]"}
{"timestamp": null, "level": null, "name": "apps.core.request", "message": "[req_951f0704165f] GET /admin/login/ -> 302 (0.00s) [anonymous]"}
{"timestamp": null, "level": null, "name": "apps.users.models", "message": "User created: test@example.com (ID: 2ca37e58-d25d-4de9-9a00-f8ce94d3b482)"}
{"timestamp": null, "level": null, "name": "apps.users.models", "message": "User created: test@example.com (ID: dc5dd190-2df2-42eb-8a25-3c182bbf07f3)"}
{"timestamp": null, "level": null, "name": "apps.users.models", "message": "User created: admin2@example.com (ID: 3db227ce-06a1-47b2-90b9-2beb337a1a00)"}
{"timestamp": null, "level": null, "name": "apps.users.models", "message": "User created: test@example.com (ID: 5c372273-1f7b-4b6f-a480-2f412a9cdb0e)"}
{"timestamp": null, "level": null, "name": "apps.users.models", "message": "User created: test2@example.com (ID: 6c47418f-b6b5-4bf0-8f5b-a52ae93db3fd)"}
{"timestamp": null, "level": null, "name": "apps.users.models", "message": "User created: test@example.com (ID: 9ad9dc19-bab0-4728-a64d-d304e086f44f)"}
{"timestamp": null, "level": null, "name": "apps.users.models", "message": "Account locked for test@example.com due to 5 failed login attempts"}
{"timestamp": null, "level": null, "name": "apps.users.models", "message": "User created: test@example.com (ID: 899aa8f8-603c-4769-9eea-525834c059b7)"}
{"timestamp": null, "level": null, "name": "apps.users.models", "message": "User created: test@example.com (ID: 5e2adc94-4b9b-450b-9802-34c2010e4dd3)"}
{"timestamp": null, "level": null, "name": "apps.users.models", "message": "User created: otp@example.com (ID: ec67b6fd-ccd8-4463-94d4-3987f0a88e6e)"}
{"timestamp": null, "level": null, "name": "apps.users.models", "message": "User created: otp@example.com (ID: cbdb1bec-d924-40b3-8494-435f93b96c95)"}
{"timestamp": null, "level": null, "name": "apps.users.models", "message": "User created: otp@example.com (ID: 01536edd-6b5e-4a84-b6d3-654b1dc103eb)"}
{"timestamp": null, "level": null, "name": "apps.users.models", "message": "User created: apiadmin@example.com (ID: 4ea5bfc0-8504-44bb-82ce-4ae914298ac8)"}
{"timestamp": null, "level": null, "name": "apps.users.models", "message": "[LOGIN] apiadmin@example.com from 127.0.0.1"}
{"timestamp": null, "level": null, "name": "apps.core.request", "message": "[req_db5ef08541f0] POST /api/v1/auth/login/ -> 200 (0.42s) [anonymous]"}
{"timestamp": null, "level": null, "name": "apps.core.request", "message": "[req_ae81dcb0240d] GET /api/v1/health/ -> 200 (0.05s) [anonymous]"}
{"timestamp": null, "level": null, "name": "apps.users.models", "message": "User created: apiadmin@example.com (ID: 356496c6-969d-4105-8668-c66cdd9df42c)"}
{"timestamp": null, "level": null, "name": "apps.users.models", "message": "[LOGIN] apiadmin@example.com from 127.0.0.1"}
{"timestamp": null, "level": null, "name": "apps.core.request", "message": "[req_332e5a983732] POST /api/v1/auth/login/ -> 200 (0.31s) [anonymous]"}
{"timestamp": null, "level": null, "name": "apps.core.request", "message": "[req_d64a54fa0b32] GET /api/v1/health/ -> 200 (0.00s) [anonymous]"}
{"timestamp": null, "level": null, "name": "apps.users.models", "message": "User created: apiadmin@example.com (ID: 36b19227-936f-49fb-b2ab-ca539dd7a535)"}
{"timestamp": null, "level": null, "name": "apps.users.models", "message": "[LOGIN] apiadmin@example.com from 127.0.0.1"}
{"timestamp": null, "level": null, "name": "apps.core.request", "message": "[req_cd0ee707a3d6] POST /api/v1/auth/login/ -> 200 (0.31s) [anonymous]"}
{"timestamp": null, "level": null, "name": "apps.core.request", "message": "[req_c7da769ef7af] POST /api/v1/auth/login/ -> 400 (0.31s) [apiadmin (apiadmin@example.com)]"}
{"timestamp": null, "level": null, "name": "apps.users.models", "message": "User created: apiadmin@example.com (ID: d256dacb-b1a1-466e-ad39-63e02875615b)"}
{"timestamp": null, "level": null, "name": "apps.users.models", "message": "[LOGIN] apiadmin@example.com from 127.0.0.1"}
{"timestamp": null, "level": null, "name": "apps.core.request", "message": "[req_fc42b5999bb4] POST /api/v1/auth/login/ -> 200 (0.31s) [anonymous]"}
{"timestamp": null, "level": null, "name": "apps.core.request", "message": "[req_42f31d7b0689] POST /api/v1/auth/login/ -> 400 (0.00s) [apiadmin (apiadmin@example.com)]"}
{"timestamp": null, "level": null, "name": "apps.users.models", "message": "User created: apiadmin@example.com (ID: fed57f88-d611-46f2-9d81-72d73489ab6f)"}
{"timestamp": null, "level": null, "name": "apps.users.models", "message": "[LOGIN] apiadmin@example.com from 127.0.0.1"}
{"timestamp": null, "level": null, "name": "apps.core.request", "message": "[req_9d8b12a61ea4] POST /api/v1/auth/login/ -> 200 (0.31s) [anonymous]"}
{"timestamp": null, "level": null, "name": "apps.users.models", "message": "[LOGIN] apiadmin@example.com from 127.0.0.1"}
{"timestamp": null, "level": null, "name": "apps.core.request", "message": "[req_c1bd055b3aa5] POST /api/v1/auth/login/ -> 200 (0.31s) [apiadmin (apiadmin@example.com)]"}
{"timestamp": null, "level": null, "name": "apps.users.models", "message": "User created: apiadmin@example.com (ID: 0d477325-76d1-4c1a-9e6b-b030001095ae)"}
{"timestamp": null, "level": null, "name": "apps.users.models", "message": "[LOGIN] apiadmin@example.com from 127.0.0.1"}
{"timestamp": null, "level": null, "name": "apps.core.request", "message": "[req_542d53da142b] POST /api/v1/auth/login/ -> 200 (0.31s) [anonymous]"}
{"timestamp": null, "level": null, "name": "apps.users.models", "message": "User created: new@example.com (ID: aa1504fd-a1fc-4134-a86d-4c17f493fc4c)"}
{"timestamp": null, "level": null, "name": "apps.core.request", "message": "[req_63f5a7806744] POST /api/v1/auth/register/ -> 201 (0.31s) [apiadmin (apiadmin@example.com)]"}
{"timestamp": null, "level": null, "name": "apps.users.models", "message": "User created: apiadmin@example.com (ID: efc8782a-e372-46f6-a463-25ff4228dfea)"}
{"timestamp": null, "level": null, "name": "apps.users.models", "message": "[LOGIN] apiadmin@example.com from 127.0.0.1"}
{"timestamp": null, "level": null, "name": "apps.core.request", "message": "[req_bef2a1dab7d9] POST /api/v1/auth/login/ -> 200 (0.32s) [anonymous]"}
{"timestamp": null, "level": null, "name": "apps.users.models", "message": "[LOGIN] apiadmin@example.com from 127.0.0.1"}
{"timestamp": null, "level": null, "name": "apps.core.request", "message": "[req_e47731da66ff] POST /api/v1/auth/login/ -> 200 (0.31s) [apiadmin (apiadmin@example.com)]"}
{"timestamp": null, "level": null, "name": "apps.core.request", "message": "[req_a54ab519f782] POST /api/v1/auth/refresh/ -> 200 (0.01s) [anonymous]"}
{"timestamp": null, "level": null, "name": "apps.users.models", "message": "User created: apiadmin@example.com (ID: e6a0677b-437a-4874-8ec5-79426c326805)"}
{"timestamp": null, "level": null, "name": "apps.users.models", "message": "[LOGIN] apiadmin@example.com from 127.0.0.1"}
{"timestamp": null, "level": null, "name": "apps.core.request", "message": "[req_f9920857ba22] POST /api/v1/auth/login/ -> 200 (0.31s) [anonymous]"}
{"timestamp": null, "level": null, "name": "apps.users.models", "message": "User created: regular@example.com (ID: 112185a3-fe41-424c-9f71-38ff3996d02d)"}
{"timestamp": null, "level": null, "name": "apps.users.models", "message": "[PASSWORD_CHANGE] apiadmin@example.com from 127.0.0.1"}
{"timestamp": null, "level": null, "name": "apps.core.request", "message": "[req_7d062f644009] POST /api/v1/users/users/change_password/ -> 200 (0.62s) [apiadmin (apiadmin@example.com)]"}
{"timestamp": null, "level": null, "name": "apps.users.models", "message": "User created: apiadmin@example.com (ID: ffc92891-4ae1-4e26-bf08-b9a534347616)"}
{"timestamp": null, "level": null, "name": "apps.users.models", "message": "[LOGIN] apiadmin@example.com from 127.0.0.1"}
{"timestamp": null, "level": null, "name": "apps.core.request", "message": "[req_e95f10e72af1] POST /api/v1/auth/login/ -> 200 (0.31s) [anonymous]"}
{"timestamp": null, "level": null, "name": "apps.users.models", "message": "User created: regular@example.com (ID: 5385c5ca-0d09-439f-a565-7f0f046d5399)"}
{"timestamp": null, "level": null, "name": "apps.core.request", "message": "[req_9dbe46a72ef5] GET /api/v1/users/users/me/ -> 200 (0.00s) [apiadmin (apiadmin@example.com)]"}
{"timestamp": null, "level": null, "name": "apps.users.models", "message": "User created: apiadmin@example.com (ID: bd60de2b-bf6c-473c-a027-f5b220a6c221)"}
{"timestamp": null, "level": null, "name": "apps.users.models", "message": "[LOGIN] apiadmin@example.com from 127.0.0.1"}
{"timestamp": null, "level": null, "name": "apps.core.request", "message": "[req_271f4a7cf14b] POST /api/v1/auth/login/ -> 200 (0.32s) [anonymous]"}
{"timestamp": null, "level": null, "name": "apps.users.models", "message": "User created: regular@example.com (ID: 422b0aba-5677-4493-8607-9633690318a4)"}
{"timestamp": null, "level": null, "name": "apps.core.request", "message": "[req_35838f652908] GET /api/v1/users/users/422b0aba-5677-4493-8607-9633690318a4/ -> 200 (0.01s) [apiadmin (apiadmin@example.com)]"}
{"timestamp": null, "level": null, "name": "apps.users.models", "message": "User created: apiadmin@example.com (ID: dad60000-01fa-4f8f-9776-1835f01c8ff2)"}
{"timestamp": null, "level": null, "name": "apps.users.models", "message": "[LOGIN] apiadmin@example.com from 127.0.0.1"}
{"timestamp": null, "level": null, "name": "apps.core.request", "message": "[req_b621244c3be2] POST /api/v1/auth/login/ -> 200 (0.32s) [anonymous]"}
{"timestamp": null, "level": null, "name": "apps.users.models", "message": "User created: regular@example.com (ID: 31642677-15a3-4d48-8b13-c8a26631f86c)"}
{"timestamp": null, "level": null, "name": "apps.core.request", "message": "[req_c42a9152cc38] GET /api/v1/users/users/ -> 200 (0.01s) [apiadmin (apiadmin@example.com)]"}
{"timestamp": null, "level": null, "name": "apps.users.models", "message": "User created: apiadmin@example.com (ID: 90a53453-3dc3-4852-9d54-5fa79ba8ecd4)"}
{"timestamp": null, "level": null, "name": "apps.users.models", "message": "[LOGIN] apiadmin@example.com from 127.0.0.1"}
{"timestamp": null, "level": null, "name": "apps.core.request", "message": "[req_43bea45c150e] POST /api/v1/auth/login/ -> 200 (0.31s) [anonymous]"}
{"timestamp": null, "level": null, "name": "apps.users.models", "message": "User created: regular@example.com (ID: cca9f6f4-cb4f-4d86-835e-7a6c587e1e54)"}
{"timestamp": null, "level": null, "name": "apps.users.models", "message": "[PROFILE_UPDATE] apiadmin@example.com from 127.0.0.1"}
{"timestamp": null, "level": null, "name": "apps.core.request", "message": "[req_e8921d39c666] PUT /api/v1/users/users/update_profile/ -> 200 (0.00s) [apiadmin (apiadmin@example.com)]"}
{"timestamp": null, "level": null, "name": "apps.users.models", "message": "User created: apiadmin@example.com (ID: e83908e1-c9e5-44dc-9b3f-11a97a967e26)"}
{"timestamp": null, "level": null, "name": "apps.users.models", "message": "[LOGIN] apiadmin@example.com from 127.0.0.1"}
{"timestamp": null, "level": null, "name": "apps.core.request", "message": "[req_a6f8b81637e6] POST /api/v1/auth/login/ -> 200 (0.31s) [anonymous]"}
{"timestamp": null, "level": null, "name": "apps.core.request", "message": "[req_cce08b7d0351] GET /api/v1/users/permissions/modules/ -> 200 (0.00s) [apiadmin (apiadmin@example.com)]"}
{"timestamp": null, "level": null, "name": "apps.users.models", "message": "User created: apiadmin@example.com (ID: 93b73810-5f1c-4f0a-912c-730e4315b267)"}
{"timestamp": null, "level": null, "name": "apps.users.models", "message": "[LOGIN] apiadmin@example.com from 127.0.0.1"}
{"timestamp": null, "level": null, "name": "apps.core.request", "message": "[req_e1c62250d125] POST /api/v1/auth/login/ -> 200 (0.31s) [anonymous]"}
{"timestamp": null, "level": null, "name": "apps.core.request", "message": "[req_9211351519a0] GET /api/v1/users/permissions/ -> 200 (0.00s) [apiadmin (apiadmin@example.com)]"}
{"timestamp": null, "level": null, "name": "apps.users.models", "message": "User created: apiadmin@example.com (ID: 9a216406-39e8-42b7-a083-6a0de92d1e39)"}
{"timestamp": null, "level": null, "name": "apps.users.models", "message": "[LOGIN] apiadmin@example.com from 127.0.0.1"}
{"timestamp": null, "level": null, "name": "apps.core.request", "message": "[req_2b271a185d62] POST /api/v1/auth/login/ -> 200 (0.31s) [anonymous]"}
{"timestamp": null, "level": null, "name": "apps.core.request", "message": "[req_3e5d4ba92a28] POST /api/v1/users/groups/ -> 201 (0.00s) [apiadmin (apiadmin@example.com)]"}
{"timestamp": null, "level": null, "name": "apps.users.models", "message": "User created: apiadmin@example.com (ID: e3f03bc0-c1d9-4730-a161-eb2b0dadf221)"}
{"timestamp": null, "level": null, "name": "apps.users.models", "message": "[LOGIN] apiadmin@example.com from 127.0.0.1"}
{"timestamp": null, "level": null, "name": "apps.core.request", "message": "[req_cd417e903e47] POST /api/v1/auth/login/ -> 200 (0.32s) [anonymous]"}
{"timestamp": null, "level": null, "name": "apps.core.request", "message": "[req_5bd03fb00786] GET /api/v1/users/groups/e07191c0-0df5-44c1-9d66-cc4715943c5b/ -> 200 (0.00s) [apiadmin (apiadmin@example.com)]"}
{"timestamp": null, "level": null, "name": "apps.users.models", "message": "User created: apiadmin@example.com (ID: df786bf6-b6a8-4b59-ba02-fd1ff330919e)"}
{"timestamp": null, "level": null, "name": "apps.users.models", "message": "[LOGIN] apiadmin@example.com from 127.0.0.1"}
{"timestamp": null, "level": null, "name": "apps.core.request", "message": "[req_2c20e52b2546] POST /api/v1/auth/login/ -> 200 (0.32s) [anonymous]"}
{"timestamp": null, "level": null, "name": "apps.core.request", "message": "[req_19a0c058815e] GET /api/v1/users/groups/ -> 200 (0.00s) [apiadmin (apiadmin@example.com)]"}
{"timestamp": null, "level": null, "name": "apps.users.models", "message": "User created: apiadmin@example.com (ID: a6c39c29-51d8-4860-be7f-50719c3bfced)"}
{"timestamp": null, "level": null, "name": "apps.users.models", "message": "[LOGIN] apiadmin@example.com from 127.0.0.1"}
{"timestamp": null, "level": null, "name": "apps.core.request", "message": "[req_386c7df93e91] POST /api/v1/auth/login/ -> 200 (0.31s) [anonymous]"}
{"timestamp": null, "level": null, "name": "apps.core.request", "message": "[req_d3969721fd80] GET /api/v1/users/users/me/ -> 401 (0.00s) [anonymous]"}
{"timestamp": null, "level": null, "name": "apps.users.models", "message": "User created: apiadmin@example.com (ID: 22ab9a69-6712-4b5d-8063-759b1c35c463)"}
{"timestamp": null, "level": null, "name": "apps.users.models", "message": "[LOGIN] apiadmin@example.com from 127.0.0.1"}
{"timestamp": null, "level": null, "name": "apps.core.request", "message": "[req_e989db483faa] POST /api/v1/auth/login/ -> 200 (0.32s) [anonymous]"}
{"timestamp": null, "level": null, "name": "apps.core.request", "message": "[req_f3db2e7f36b5] GET /api/v1/users/users/me/ -> 200 (0.00s) [apiadmin (apiadmin@example.com)]"}
{"timestamp": null, "level": null, "name": "apps.core.request", "message": "[req_912e46f3d6ff] GET /admin/login/ -> 302 (0.00s) [anonymous]"}
{"timestamp": null, "level": null, "name": "apps.core.request", "message": "[req_0f973904602d] GET /admin/login/ -> 302 (0.00s) [anonymous]"}
{"timestamp": null, "level": null, "name": "apps.core.request", "message": "[req_e75b7c7ba34e] GET /admin/login/ -> 302 (0.00s) [anonymous]"}
{"timestamp": null, "level": null, "name": "apps.core.request", "message": "[req_068c94318059] GET /admin/login/ -> 302 (0.00s) [anonymous]"}
{"timestamp": null, "level": null, "name": "apps.core.request", "message": "[req_00c34a075002] GET /admin/login/ -> 302 (0.00s) [anonymous]"}
{"timestamp": null, "level": null, "name": "apps.core.request", "message": "[req_9b1db88a1382] GET /admin/login/ -> 302 (0.00s) [anonymous]"}
{"timestamp": null, "level": null, "name": "apps.core.request", "message": "[req_35915d0f974c] GET /admin/login/ -> 302 (0.00s) [anonymous]"}
{"timestamp": null, "level": null, "name": "apps.core.request", "message": "[req_ec4a41dffd7f] GET /admin/login/ -> 302 (0.00s) [anonymous]"}
{"timestamp": null, "level": null, "name": "apps.core.request", "message": "[req_8cea7f74375b] GET /admin/login/ -> 302 (0.00s) [anonymous]"}
{"timestamp": null, "level": null, "name": "apps.core.request", "message": "[req_964344bff336] GET /admin/login/ -> 302 (0.00s) [anonymous]"}
{"timestamp": null, "level": null, "name": "apps.core.request", "message": "[req_084f75533e6c] GET /admin/login/ -> 302 (0.00s) [anonymous]"}
{"timestamp": null, "level": null, "name": "apps.core.request", "message": "[req_9a2770900617] GET /admin/login/ -> 302 (0.00s) [anonymous]"}
{"timestamp": null, "level": null, "name": "apps.core.request", "message": "[req_26aba2d3565f] GET /admin/login/ -> 302 (0.00s) [anonymous]"}
{"timestamp": null, "level": null, "name": "apps.core.request", "message": "[req_fcb50ddf51ad] GET /admin/login/ -> 302 (0.00s) [anonymous]"}
{"timestamp": null, "level": null, "name": "apps.core.request", "message": "[req_5381aecf7c47] GET /admin/login/ -> 302 (0.00s) [anonymous]"}
{"timestamp": null, "level": null, "name": "apps.core.request", "message": "[req_b9d99b6f0959] GET /admin/login/ -> 302 (0.00s) [anonymous]"}
{"timestamp": null, "level": null, "name": "apps.core.request", "message": "[req_94046af30aea] GET /admin/login/ -> 302 (0.00s) [anonymous]"}
{"timestamp": null, "level": null, "name": "apps.core.request", "message": "[req_91813ed8334c] GET /admin/login/ -> 302 (0.00s) [anonymous]"}
{"timestamp": null, "level": null, "name": "apps.core.request", "message": "[req_1f7785aaa660] GET /admin/login/ -> 302 (0.00s) [anonymous]"}
{"timestamp": null, "level": null, "name": "apps.core.request", "message": "[req_8216b7a23471] GET /admin/login/ -> 302 (0.00s) [anonymous]"}
{"timestamp": null, "level": null, "name": "apps.core.request", "message": "[req_30bcefbbf7e6] GET /admin/login/ -> 302 (0.00s) [anonymous]"}
{"timestamp": null, "level": null, "name": "apps.core.request", "message": "[req_b5a3273076a9] GET /admin/login/ -> 302 (0.00s) [anonymous]"}
{"timestamp": null, "level": null, "name": "apps.core.request", "message": "[req_1374d03f31e5] GET /admin/login/ -> 302 (0.00s) [anonymous]"}
{"timestamp": null, "level": null, "name": "apps.core.request", "message": "[req_2c08c5004183] GET /admin/login/ -> 302 (0.00s) [anonymous]"}
{"timestamp": null, "level": null, "name": "apps.core.request", "message": "[req_ae23ce41a34c] GET /admin/login/ -> 302 (0.00s) [anonymous]"}
{"timestamp": null, "level": null, "name": "apps.core.request", "message": "[req_f779f192887a] GET /admin/login/ -> 302 (0.00s) [anonymous]"}
{"timestamp": null, "level": null, "name": "apps.core.request", "message": "[req_e729c09f1bf2] GET /admin/login/ -> 302 (0.00s) [anonymous]"}
{"timestamp": null, "level": null, "name": "apps.core.request", "message": "[req_4c927ad30177] GET /admin/login/ -> 302 (0.00s) [anonymous]"}
{"timestamp": null, "level": null, "name": "apps.core.request", "message": "[req_358f01299040] GET /admin/login/ -> 302 (0.00s) [anonymous]"}
{"timestamp": null, "level": null, "name": "apps.core.request", "message": "[req_bcf3151ea44b] GET /admin/login/ -> 302 (0.00s) [anonymous]"}
{"timestamp": null, "level": null, "name": "apps.core.request", "message": "[req_ad3bb13f78e4] GET /admin/login/ -> 302 (0.00s) [anonymous]"}
{"timestamp": null, "level": null, "name": "apps.core.request", "message": "[req_b31e2b4d35b6] GET /admin/login/ -> 302 (0.00s) [anonymous]"}
{"timestamp": null, "level": null, "name": "apps.core.request", "message": "[req_31a54c70620e] GET /admin/login/ -> 302 (0.00s) [anonymous]"}
{"timestamp": null, "level": null, "name": "apps.core.request", "message": "[req_1be583802edb] GET /admin/login/ -> 302 (0.00s) [anonymous]"}
{"timestamp": null, "level": null, "name": "apps.core.request", "message": "[req_ec03439023a6] GET /admin/login/ -> 302 (0.00s) [anonymous]"}
{"timestamp": null, "level": null, "name": "apps.core.request", "message": "[req_ea354b38f557] GET /admin/login/ -> 302 (0.00s) [anonymous]"}
{"timestamp": null, "level": null, "name": "apps.core.request", "message": "[req_a6c128484434] GET /admin/login/ -> 302 (0.00s) [anonymous]"}
{"timestamp": null, "level": null, "name": "apps.core.request", "message": "[req_4891dd702a0e] GET /admin/login/ -> 302 (0.00s) [anonymous]"}
{"timestamp": null, "level": null, "name": "apps.core.request", "message": "[req_2655fa4d5fe1] GET /admin/login/ -> 302 (0.00s) [anonymous]"}
{"timestamp": null, "level": null, "name": "apps.core.request", "message": "[req_c4c5a10b07e6] GET /admin/login/ -> 302 (0.00s) [anonymous]"}
{"timestamp": null, "level": null, "name": "apps.core.request", "message": "[req_a2321e392ead] GET /admin/login/ -> 302 (0.00s) [anonymous]"}
{"timestamp": null, "level": null, "name": "apps.core.request", "message": "[req_b75ce4a21327] GET /admin/login/ -> 302 (0.00s) [anonymous]"}
{"timestamp": null, "level": null, "name": "apps.core.request", "message": "[req_b38179e20f34] GET /admin/login/ -> 302 (0.00s) [anonymous]"}
{"timestamp": null, "level": null, "name": "apps.core.request", "message": "[req_63cdb825a5fc] GET /admin/login/ -> 302 (0.00s) [anonymous]"}
{"timestamp": null, "level": null, "name": "apps.core.request", "message": "[req_d9494b0c1e54] GET /admin/login/ -> 302 (0.00s) [anonymous]"}
{"timestamp": null, "level": null, "name": "apps.core.request", "message": "[req_f6cf432319ac] GET /admin/login/ -> 302 (0.00s) [anonymous]"}
{"timestamp": null, "level": null, "name": "apps.core.request", "message": "[req_da3faf3ea319] GET /admin/login/ -> 302 (0.00s) [anonymous]"}
{"timestamp": null, "level": null, "name": "apps.core.request", "message": "[req_90a2d151e7dd] GET /admin/login/ -> 302 (0.00s) [anonymous]"}
{"timestamp": null, "level": null, "name": "apps.core.request", "message": "[req_1e9630919261] GET /admin/login/ -> 302 (0.00s) [anonymous]"}
{"timestamp": null, "level": null, "name": "apps.core.request", "message": "[req_abf77ad99626] GET /admin/login/ -> 302 (0.00s) [anonymous]"}
{"timestamp": null, "level": null, "name": "apps.core.request", "message": "[req_fe879602d42a] GET /admin/login/ -> 302 (0.00s) [anonymous]"}
{"timestamp": null, "level": null, "name": "apps.core.request", "message": "[req_d5aebae99789] GET /admin/login/ -> 302 (0.00s) [anonymous]"}
{"timestamp": null, "level": null, "name": "apps.core.request", "message": "[req_2a9f04dffa55] GET /admin/login/ -> 302 (0.00s) [anonymous]"}
{"timestamp": null, "level": null, "name": "apps.core.request", "message": "[req_690a1fe1676d] GET /admin/login/ -> 302 (0.00s) [anonymous]"}
{"timestamp": null, "level": null, "name": "apps.core.request", "message": "[req_0d8d81020d1d] GET /admin/login/ -> 302 (0.00s) [anonymous]"}
{"timestamp": null, "level": null, "name": "apps.core.request", "message": "[req_75b664b72c87] GET /admin/login/ -> 302 (0.00s) [anonymous]"}
{"timestamp": null, "level": null, "name": "apps.core.request", "message": "[req_3a6fbdf20215] GET /admin/login/ -> 302 (0.00s) [anonymous]"}
{"timestamp": null, "level": null, "name": "apps.core.request", "message": "[req_d19ef0dc3d55] GET /admin/login/ -> 302 (0.00s) [anonymous]"}
{"timestamp": null, "level": null, "name": "apps.core.request", "message": "[req_a414a984902e] GET /admin/login/ -> 302 (0.00s) [anonymous]"}
{"timestamp": null, "level": null, "name": "apps.core.request", "message": "[req_e05d9ad8c04b] GET /admin/login/ -> 302 (0.00s) [anonymous]"}
{"timestamp": null, "level": null, "name": "apps.core.request", "message": "[req_1af0881b39d8] GET /admin/login/ -> 302 (0.00s) [anonymous]"}
{"timestamp": null, "level": null, "name": "apps.core.request", "message": "[req_1bb99b2690ce] GET /admin/login/ -> 302 (0.00s) [anonymous]"}
{"timestamp": null, "level": null, "name": "apps.core.request", "message": "[req_9f21855d5ba9] GET /admin/login/ -> 302 (0.00s) [anonymous]"}
{"timestamp": null, "level": null, "name": "apps.core.request", "message": "[req_8ec07c0a987a] GET /admin/login/ -> 302 (0.00s) [anonymous]"}
{"timestamp": null, "level": null, "name": "apps.core.request", "message": "[req_ce585ce12e5a] GET /admin/login/ -> 302 (0.00s) [anonymous]"}
{"timestamp": null, "level": null, "name": "apps.core.request", "message": "[req_8380df123a47] GET /admin/login/ -> 302 (0.00s) [anonymous]"}
{"timestamp": null, "level": null, "name": "apps.core.request", "message": "[req_c32274172fa7] GET /admin/login/ -> 302 (0.00s) [anonymous]"}
{"timestamp": null, "level": null, "name": "apps.core.request", "message": "[req_0952d5db14a7] GET /admin/login/ -> 302 (0.00s) [anonymous]"}
{"timestamp": null, "level": null, "name": "apps.core.request", "message": "[req_4c1eea463dab] GET /admin/login/ -> 302 (0.00s) [anonymous]"}
{"timestamp": null, "level": null, "name": "apps.core.request", "message": "[req_64ec6528218e] GET /admin/login/ -> 302 (0.00s) [anonymous]"}
{"timestamp": null, "level": null, "name": "apps.core.request", "message": "[req_d763e6a88eba] GET /admin/login/ -> 302 (0.00s) [anonymous]"}
{"timestamp": null, "level": null, "name": "apps.core.request", "message": "[req_9e29c2d81254] GET /admin/login/ -> 302 (0.00s) [anonymous]"}
{"timestamp": null, "level": null, "name": "apps.core.request", "message": "[req_a15195031350] GET /admin/login/ -> 302 (0.00s) [anonymous]"}
{"timestamp": null, "level": null, "name": "apps.core.request", "message": "[req_af7f2e766169] GET /admin/login/ -> 302 (0.00s) [anonymous]"}
{"timestamp": null, "level": null, "name": "apps.core.request", "message": "[req_d025675ea96e] GET /admin/login/ -> 302 (0.00s) [anonymous]"}
{"timestamp": null, "level": null, "name": "apps.core.request", "message": "[req_bd45496fe405] GET /admin/login/ -> 302 (0.00s) [anonymous]"}
{"timestamp": null, "level": null, "name": "apps.core.request", "message": "[req_7afbd1b7fb23] GET /admin/login/ -> 302 (0.00s) [anonymous]"}
{"timestamp": null, "level": null, "name": "apps.core.request", "message": "[req_a608b9b3a343] GET /admin/login/ -> 302 (0.00s) [anonymous]"}
{"timestamp": null, "level": null, "name": "apps.core.request", "message": "[req_33356ecb9b45] GET /admin/login/ -> 302 (0.00s) [anonymous]"}
{"timestamp": null, "level": null, "name": "apps.core.request", "message": "[req_87195c0d35ed] GET /admin/login/ -> 302 (0.00s) [anonymous]"}
{"timestamp": null, "level": null, "name": "apps.core.request", "message": "[req_683f8472f1cf] GET /admin/login/ -> 302 (0.00s) [anonymous]"}
{"timestamp": null, "level": null, "name": "apps.core.request", "message": "[req_57f02fe24a56] GET /admin/login/ -> 302 (0.00s) [anonymous]"}
{"timestamp": null, "level": null, "name": "apps.core.request", "message": "[req_c3c5a21fe504] GET /admin/login/ -> 302 (0.00s) [anonymous]"}
{"timestamp": null, "level": null, "name": "apps.core.request", "message": "[req_0f54955de5ec] GET /admin/login/ -> 302 (0.00s) [anonymous]"}
{"timestamp": null, "level": null, "name": "apps.core.request", "message": "[req_981503b031aa] GET /admin/login/ -> 302 (0.00s) [anonymous]"}
{"timestamp": null, "level": null, "name": "apps.core.request", "message": "[req_0620290dc932] GET /admin/login/ -> 302 (0.00s) [anonymous]"}
{"timestamp": null, "level": null, "name": "apps.core.request", "message": "[req_70b975d48d9f] GET /admin/login/ -> 302 (0.00s) [anonymous]"}
{"timestamp": null, "level": null, "name": "apps.core.request", "message": "[req_7efb658cdc3a] GET /admin/login/ -> 302 (0.00s) [anonymous]"}
{"timestamp": null, "level": null, "name": "apps.core.request", "message": "[req_8146b774d3a3] GET /admin/login/ -> 302 (0.00s) [anonymous]"}
{"timestamp": null, "level": null, "name": "apps.core.request", "message": "[req_725abf822197] GET /admin/login/ -> 302 (0.00s) [anonymous]"}
{"timestamp": null, "level": null, "name": "apps.core.request", "message": "[req_cdfba19ce5ac] GET /admin/login/ -> 302 (0.00s) [anonymous]"}
{"timestamp": null, "level": null, "name": "apps.core.request", "message": "[req_e5b57ed36469] GET /admin/login/ -> 302 (0.00s) [anonymous]"}
{"timestamp": null, "level": null, "name": "apps.core.request", "message": "[req_63567bd617f5] GET /admin/login/ -> 302 (0.00s) [anonymous]"}
{"timestamp": null, "level": null, "name": "apps.core.request", "message": "[req_f7eed5f4a341] GET /admin/login/ -> 302 (0.00s) [anonymous]"}
{"timestamp": null, "level": null, "name": "apps.core.request", "message": "[req_14cfaeadc402] GET /admin/login/ -> 302 (0.00s) [anonymous]"}
{"timestamp": null, "level": null, "name": "apps.core.request", "message": "[req_e581ee101eae] GET /admin/login/ -> 302 (0.00s) [anonymous]"}
{"timestamp": null, "level": null, "name": "apps.core.request", "message": "[req_3c0382bb7f61] GET /admin/login/ -> 302 (0.00s) [anonymous]"}
{"timestamp": null, "level": null, "name": "apps.core.request", "message": "[req_8e3c27fd5369] GET /admin/login/ -> 302 (0.00s) [anonymous]"}
{"timestamp": null, "level": null, "name": "apps.core.request", "message": "[req_7ed8611dd73d] GET /admin/login/ -> 302 (0.00s) [anonymous]"}
{"timestamp": null, "level": null, "name": "apps.core.request", "message": "[req_260e00435bcf] GET /admin/login/ -> 302 (0.00s) [anonymous]"}
{"timestamp": null, "level": null, "name": "apps.core.request", "message": "[req_26e8b82acf41] GET /admin/login/ -> 302 (0.00s) [anonymous]"}
{"timestamp": null, "level": null, "name": "apps.core.request", "message": "[req_16844f874727] GET /admin/login/ -> 302 (0.00s) [anonymous]"}
{"timestamp": null, "level": null, "name": "apps.core.request", "message": "[req_cd3b30a24ef7] GET /admin/login/ -> 302 (0.00s) [anonymous]"}
{"timestamp": null, "level": null, "name": "apps.core.request", "message": "[req_a96f05b5e760] GET /admin/login/ -> 302 (0.00s) [anonymous]"}
{"timestamp": null, "level": null, "name": "apps.core.request", "message": "[req_f3f38d433dd9] GET /admin/login/ -> 302 (0.00s) [anonymous]"}
{"timestamp": null, "level": null, "name": "apps.core.request", "message": "[req_1ac9d2e32bc7] GET /admin/login/ -> 302 (0.00s) [anonymous]"}
{"timestamp": null, "level": null, "name": "apps.core.request", "message": "[req_70ae2507727b] GET /admin/login/ -> 302 (0.00s) [anonymous]"}
{"timestamp": null, "level": null, "name": "apps.core.request", "message": "[req_5bdf061850ad] GET /admin/login/ -> 302 (0.00s) [anonymous]"}
{"timestamp": null, "level": null, "name": "apps.core.request", "message": "[req_5530dafd7998] GET /admin/login/ -> 302 (0.00s) [anonymous]"}
{"timestamp": null, "level": null, "name": "apps.core.request", "message": "[req_adf151e326f1] GET /admin/login/ -> 302 (0.00s) [anonymous]"}
{"timestamp": null, "level": null, "name": "apps.core.request", "message": "[req_d1458a8cfb4e] GET /admin/login/ -> 302 (0.00s) [anonymous]"}
{"timestamp": null, "level": null, "name": "apps.core.request", "message": "[req_5094a76b18d4] GET /admin/login/ -> 302 (0.00s) [anonymous]"}
{"timestamp": null, "level": null, "name": "apps.core.request", "message": "[req_782bbe6ce8c8] GET /admin/login/ -> 302 (0.00s) [anonymous]"}
{"timestamp": null, "level": null, "name": "apps.core.request", "message": "[req_dfa4225caf41] GET /admin/login/ -> 302 (0.00s) [anonymous]"}
{"timestamp": null, "level": null, "name": "apps.core.request", "message": "[req_787b6a463cba] GET /admin/login/ -> 302 (0.00s) [anonymous]"}
{"timestamp": null, "level": null, "name": "apps.core.request", "message": "[req_b4d941e3db77] GET /admin/login/ -> 302 (0.00s) [anonymous]"}
{"timestamp": null, "level": null, "name": "apps.core.request", "message": "[req_162c762f1f2c] GET /admin/login/ -> 302 (0.00s) [anonymous]"}
{"timestamp": null, "level": null, "name": "apps.core.request", "message": "[req_9fdfe29dfcd9] GET /admin/login/ -> 302 (0.00s) [anonymous]"}
{"timestamp": null, "level": null, "name": "apps.core.request", "message": "[req_9cd2eaba3c73] GET /admin/login/ -> 302 (0.00s) [anonymous]"}
{"timestamp": null, "level": null, "name": "apps.core.request", "message": "[req_fa7c0fe3e12a] GET /admin/login/ -> 302 (0.00s) [anonymous]"}
{"timestamp": null, "level": null, "name": "apps.core.request", "message": "[req_64c5c2b9c83a] GET /admin/login/ -> 302 (0.00s) [anonymous]"}
{"timestamp": null, "level": null, "name": "apps.core.request", "message": "[req_186294e0df0f] GET /admin/login/ -> 302 (0.00s) [anonymous]"}
{"timestamp": null, "level": null, "name": "apps.core.request", "message": "[req_04060a1fccc9] GET /admin/login/ -> 302 (0.00s) [anonymous]"}
{"timestamp": null, "level": null, "name": "apps.core.request", "message": "[req_9abc09ffc74a] GET /admin/login/ -> 302 (0.00s) [anonymous]"}
{"timestamp": null, "level": null, "name": "apps.core.request", "message": "[req_f93858311f59] GET /admin/login/ -> 302 (0.00s) [anonymous]"}
{"timestamp": null, "level": null, "name": "apps.core.request", "message": "[req_c3582190de30] GET /admin/login/ -> 302 (0.00s) [anonymous]"}
{"timestamp": null, "level": null, "name": "apps.core.request", "message": "[req_2e4655dfa0e6] GET /admin/login/ -> 302 (0.00s) [anonymous]"}
{"timestamp": null, "level": null, "name": "apps.core.request", "message": "[req_f5c07fe43088] GET /admin/login/ -> 302 (0.00s) [anonymous]"}
{"timestamp": null, "level": null, "name": "apps.core.request", "message": "[req_ffeea8feb4be] GET /admin/login/ -> 302 (0.00s) [anonymous]"}
{"timestamp": null, "level": null, "name": "apps.core.request", "message": "[req_15b066cbca1a] GET /admin/login/ -> 302 (0.00s) [anonymous]"}
{"timestamp": null, "level": null, "name": "apps.core.request", "message": "[req_892d7dcb4508] GET /admin/login/ -> 302 (0.00s) [anonymous]"}
{"timestamp": null, "level": null, "name": "apps.core.request", "message": "[req_b9f022a9e5c9] GET /admin/login/ -> 302 (0.00s) [anonymous]"}
{"timestamp": null, "level": null, "name": "apps.core.request", "message": "[req_e91181610a37] GET /admin/login/ -> 302 (0.00s) [anonymous]"}
{"timestamp": null, "level": null, "name": "apps.core.request", "message": "[req_8b9f1b99644d] GET /admin/login/ -> 302 (0.00s) [anonymous]"}
{"timestamp": null, "level": null, "name": "apps.core.request", "message": "[req_17031ad80c28] GET /admin/login/ -> 302 (0.00s) [anonymous]"}
{"timestamp": null, "level": null, "name": "apps.core.request", "message": "[req_ec00137ba8cc] GET /admin/login/ -> 302 (0.00s) [anonymous]"}
{"timestamp": null, "level": null, "name": "apps.core.request", "message": "[req_420c6417875d] GET /admin/login/ -> 302 (0.00s) [anonymous]"}
{"timestamp": null, "level": null, "name": "apps.core.request", "message": "[req_7718d9c56fcd] GET /admin/login/ -> 302 (0.00s) [anonymous]"}
{"timestamp": null, "level": null, "name": "apps.core.request", "message": "[req_c33c62aacd0f] GET /admin/login/ -> 302 (0.00s) [anonymous]"}
{"timestamp": null, "level": null, "name": "apps.core.request", "message": "[req_51692d225905] GET /admin/login/ -> 302 (0.00s) [anonymous]"}
{"timestamp": null, "level": null, "name": "apps.core.request", "message": "[req_df8272d641d3] GET /admin/login/ -> 302 (0.15s) [anonymous]"}
{"timestamp": null, "level": null, "name": "apps.core.request", "message": "[req_08e27b3793ed] GET /admin/login/ -> 302 (0.15s) [anonymous]"}
{"timestamp": null, "level": null, "name": "apps.core.request", "message": "[req_9c80db670645] GET /admin/ -> 302 (0.00s) [anonymous]"}
{"timestamp": null, "level": null, "name": "apps.core.request", "message": "[req_9858e5927d1e] GET /admin/login/ -> 302 (0.00s) [anonymous]"}
{"timestamp": null, "level": null, "name": "apps.core.request", "message": "[req_b9f362b4df25] GET /admin/login/ -> 302 (0.00s) [anonymous]"}
{"timestamp": null, "level": null, "name": "apps.core.request", "message": "[req_7edcae03b199] GET /admin/login/ -> 302 (0.00s) [anonymous]"}
{"timestamp": null, "level": null, "name": "apps.core.request", "message": "[req_fcb97288a96e] GET / -> 404 (0.01s) [anonymous]"}
{"timestamp": null, "level": null, "name": "apps.core.request", "message": "[req_3c2ed25584c4] GET /admin/ -> 302 (0.00s) [anonymous]"}
{"timestamp": null, "level": null, "name": "apps.core.request", "message": "[req_9acc7a3abed4] GET /admin/login/ -> 302 (0.00s) [anonymous]"}
{"timestamp": null, "level": null, "name": "apps.core.request", "message": "[req_57d1f41e1fdc] GET /admin/login/ -> 302 (0.00s) [anonymous]"}
{"timestamp": null, "level": null, "name": "apps.core.request", "message": "[req_4a832b9f0135] GET /admin/login/ -> 302 (0.00s) [anonymous]"}
{"timestamp": null, "level": null, "name": "apps.core.request", "message": "[req_84a9eab133b9] GET /admin/login/ -> 302 (0.00s) [anonymous]"}
{"timestamp": null, "level": null, "name": "apps.core.request", "message": "[req_9e8a8dfc1f35] GET /admin/login/ -> 302 (0.00s) [anonymous]"}
{"timestamp": null, "level": null, "name": "apps.core.request", "message": "[req_539f96cfd205] GET /admin/login/ -> 302 (0.00s) [anonymous]"}
{"timestamp": null, "level": null, "name": "apps.core.request", "message": "[req_ce5605922271] GET /admin/login/ -> 302 (0.00s) [anonymous]"}
{"timestamp": null, "level": null, "name": "apps.core.request", "message": "[req_2c8c915332da] GET /admin/login/ -> 302 (0.00s) [anonymous]"}
{"timestamp": null, "level": null, "name": "apps.core.request", "message": "[req_b23b8335e397] GET /admin/login/ -> 302 (0.00s) [anonymous]"}
{"timestamp": null, "level": null, "name": "apps.core.request", "message": "[req_24149172077a] GET /admin/login/ -> 302 (0.00s) [anonymous]"}
{"timestamp": null, "level": null, "name": "apps.core.request", "message": "[req_e162300fbff8] GET /admin/login/ -> 302 (0.00s) [anonymous]"}
{"timestamp": null, "level": null, "name": "apps.core.request", "message": "[req_594329f92d2e] GET /admin/login/ -> 302 (0.00s) [anonymous]"}
{"timestamp": null, "level": null, "name": "apps.core.request", "message": "[req_3503c1dfa379] GET /admin/login/ -> 302 (0.00s) [anonymous]"}
{"timestamp": null, "level": null, "name": "apps.core.request", "message": "[req_6ff8da834b0c] GET /admin/login/ -> 302 (0.00s) [anonymous]"}
{"timestamp": null, "level": null, "name": "apps.core.request", "message": "[req_bbb4eab06908] GET /admin/login/ -> 302 (0.00s) [anonymous]"}
{"timestamp": null, "level": null, "name": "apps.core.request", "message": "[req_b57fe0ede350] GET /admin/login/ -> 302 (0.00s) [anonymous]"}
{"timestamp": null, "level": null, "name": "apps.core.request", "message": "[req_98a3127b9b6b] GET /admin/login/ -> 302 (0.00s) [anonymous]"}
{"timestamp": null, "level": null, "name": "apps.core.request", "message": "[req_44e42d6dc46d] GET /admin/login/ -> 302 (0.00s) [anonymous]"}
{"timestamp": null, "level": null, "name": "apps.core.request", "message": "[req_59695541ac08] GET /admin/login/ -> 302 (0.00s) [anonymous]"}
{"timestamp": null, "level": null, "name": "apps.core.request", "message": "[req_059a47b607a8] GET /admin/login/ -> 302 (0.00s) [anonymous]"}
{"timestamp": null, "level": null, "name": "apps.core.request", "message": "[req_78fcda881e67] GET /admin/login/ -> 302 (0.00s) [anonymous]"}
{"timestamp": null, "level": null, "name": "apps.core.request", "message": "[req_be92532faad4] GET /admin/login/ -> 302 (0.00s) [anonymous]"}
{"timestamp": null, "level": null, "name": "apps.core.request", "message": "[req_62ae3d01fc11] GET /admin/login/ -> 302 (0.00s) [anonymous]"}
{"timestamp": null, "level": null, "name": "apps.core.request", "message": "[req_56c093ef3fc7] GET /admin/login/ -> 302 (0.00s) [anonymous]"}
{"timestamp": null, "level": null, "name": "apps.core.request", "message": "[req_527c9b1efaa3] GET /admin/login/ -> 302 (0.00s) [anonymous]"}
{"timestamp": null, "level": null, "name": "apps.core.request", "message": "[req_4b2315db27dd] GET /admin/login/ -> 302 (0.00s) [anonymous]"}
{"timestamp": null, "level": null, "name": "apps.core.request", "message": "[req_0a962153f6fa] GET /admin/login/ -> 302 (0.00s) [anonymous]"}
{"timestamp": null, "level": null, "name": "apps.core.request", "message": "[req_728e7aa98aae] GET /admin/login/ -> 302 (0.00s) [anonymous]"}
{"timestamp": null, "level": null, "name": "apps.core.request", "message": "[req_5b00250a97a2] GET /admin/login/ -> 302 (0.00s) [anonymous]"}
{"timestamp": null, "level": null, "name": "apps.core.request", "message": "[req_a46c6ddc33d1] GET /admin/login/ -> 302 (0.00s) [anonymous]"}
{"timestamp": null, "level": null, "name": "apps.core.request", "message": "[req_7088c4530fa8] GET /admin/login/ -> 302 (0.00s) [anonymous]"}
{"timestamp": null, "level": null, "name": "apps.core.request", "message": "[req_e995844a59a2] GET /admin/login/ -> 302 (0.00s) [anonymous]"}
{"timestamp": null, "level": null, "name": "apps.core.request", "message": "[req_265d1337caf1] GET /admin/login/ -> 302 (0.00s) [anonymous]"}
{"timestamp": null, "level": null, "name": "apps.core.request", "message": "[req_6f043949ba47] GET /admin/login/ -> 302 (0.00s) [anonymous]"}
{"timestamp": null, "level": null, "name": "apps.core.request", "message": "[req_9d14ba832485] GET /admin/login/ -> 302 (0.00s) [anonymous]"}
{"timestamp": null, "level": null, "name": "apps.core.request", "message": "[req_214f94ea9040] GET /admin/login/ -> 302 (0.00s) [anonymous]"}
{"timestamp": null, "level": null, "name": "apps.core.request", "message": "[req_d2f7498f4666] GET /admin/login/ -> 302 (0.00s) [anonymous]"}
{"timestamp": null, "level": null, "name": "apps.core.request", "message": "[req_5e6ec936a555] GET /admin/login/ -> 302 (0.00s) [anonymous]"}
{"timestamp": null, "level": null, "name": "apps.core.request", "message": "[req_95d9e4f372d0] GET /admin/login/ -> 302 (0.00s) [anonymous]"}
{"timestamp": null, "level": null, "name": "apps.core.request", "message": "[req_657ba101e10b] GET /admin/login/ -> 302 (0.00s) [anonymous]"}
{"timestamp": null, "level": null, "name": "apps.core.request", "message": "[req_3cb3cd5fd496] GET /admin/login/ -> 302 (0.00s) [anonymous]"}
{"timestamp": null, "level": null, "name": "apps.core.request", "message": "[req_a2bb9cdf95a7] GET /admin/login/ -> 302 (0.00s) [anonymous]"}
{"timestamp": null, "level": null, "name": "apps.core.request", "message": "[req_7ddfec541936] GET /admin/login/ -> 302 (0.00s) [anonymous]"}
{"timestamp": null, "level": null, "name": "apps.core.request", "message": "[req_9b03df49b9e5] GET /admin/login/ -> 302 (0.00s) [anonymous]"}
{"timestamp": null, "level": null, "name": "apps.core.request", "message": "[req_d11e50fd4e67] GET /admin/login/ -> 302 (0.00s) [anonymous]"}
{"timestamp": null, "level": null, "name": "apps.core.request", "message": "[req_43b889b01097] GET /admin/login/ -> 302 (0.00s) [anonymous]"}
{"timestamp": null, "level": null, "name": "apps.core.request", "message": "[req_c3d711df6980] GET /admin/login/ -> 302 (0.00s) [anonymous]"}
{"timestamp": null, "level": null, "name": "apps.core.request", "message": "[req_2ca4a0e4de93] GET /admin/login/ -> 302 (0.00s) [anonymous]"}
{"timestamp": null, "level": null, "name": "apps.core.request", "message": "[req_03c2e7069132] GET /admin/login/ -> 302 (0.00s) [anonymous]"}
{"timestamp": null, "level": null, "name": "apps.core.request", "message": "[req_f165b72937b8] GET /admin/login/ -> 302 (0.00s) [anonymous]"}
{"timestamp": null, "level": null, "name": "apps.core.request", "message": "[req_4cbdd309dc45] GET /admin/login/ -> 302 (0.00s) [anonymous]"}
{"timestamp": null, "level": null, "name": "apps.core.request", "message": "[req_174581647c21] GET /admin/login/ -> 302 (0.00s) [anonymous]"}
{"timestamp": null, "level": null, "name": "apps.core.request", "message": "[req_c5b79e81698a] GET /admin/login/ -> 302 (0.00s) [anonymous]"}
{"timestamp": null, "level": null, "name": "apps.core.request", "message": "[req_a83fc1c7971c] GET /admin/login/ -> 302 (0.00s) [anonymous]"}
{"timestamp": null, "level": null, "name": "apps.core.request", "message": "[req_9ef9819b47d3] GET /admin/login/ -> 302 (0.00s) [anonymous]"}
{"timestamp": null, "level": null, "name": "apps.core.request", "message": "[req_147b2b6df8f9] GET /admin/login/ -> 302 (0.00s) [anonymous]"}
{"timestamp": null, "level": null, "name": "apps.core.request", "message": "[req_4080e43cc7b6] GET /admin/login/ -> 302 (0.00s) [anonymous]"}
{"timestamp": null, "level": null, "name": "apps.core.request", "message": "[req_87035e1d6470] GET /admin/login/ -> 302 (0.00s) [anonymous]"}
{"timestamp": null, "level": null, "name": "apps.core.request", "message": "[req_69e24106bc11] GET /admin/login/ -> 302 (0.00s) [anonymous]"}
{"timestamp": null, "level": null, "name": "apps.core.request", "message": "[req_e555afccc25b] GET /admin/login/ -> 302 (0.00s) [anonymous]"}
{"timestamp": null, "level": null, "name": "apps.core.request", "message": "[req_60bc38778ab0] GET /admin/login/ -> 302 (0.00s) [anonymous]"}
{"timestamp": null, "level": null, "name": "apps.core.request", "message": "[req_09a433b41722] GET /admin/login/ -> 302 (0.00s) [anonymous]"}
{"timestamp": null, "level": null, "name": "apps.core.request", "message": "[req_0b916dc02465] GET /admin/login/ -> 302 (0.00s) [anonymous]"}
{"timestamp": null, "level": null, "name": "apps.core.request", "message": "[req_fca6747af81a] GET /admin/login/ -> 302 (0.00s) [anonymous]"}
{"timestamp": null, "level": null, "name": "apps.core.request", "message": "[req_916f502ce6e8] GET /admin/login/ -> 302 (0.00s) [anonymous]"}
{"timestamp": null, "level": null, "name": "apps.core.request", "message": "[req_012cc75be446] GET /admin/login/ -> 302 (0.00s) [anonymous]"}
{"timestamp": null, "level": null, "name": "apps.core.request", "message": "[req_8b1c6f7c2db4] GET /admin/login/ -> 302 (0.00s) [anonymous]"}
{"timestamp": null, "level": null, "name": "apps.core.request", "message": "[req_c3be12d94c74] GET /admin/login/ -> 302 (0.00s) [anonymous]"}
{"timestamp": null, "level": null, "name": "apps.core.request", "message": "[req_0c086098976b] GET /admin/login/ -> 302 (0.00s) [anonymous]"}
{"timestamp": null, "level": null, "name": "apps.core.request", "message": "[req_c18d83026b28] GET /admin/login/ -> 302 (0.00s) [anonymous]"}
{"timestamp": null, "level": null, "name": "apps.core.request", "message": "[req_53c06c181c63] GET /admin/login/ -> 302 (0.00s) [anonymous]"}
{"timestamp": null, "level": null, "name": "apps.core.request", "message": "[req_bb0bb4c937fe] GET /admin/login/ ERROR: 'super' object has no attribute 'dicts' and no __dict__ for setting new attributes [anonymous]"}
{"timestamp": null, "level": null, "name": "apps.core.request", "message": "[req_bb0bb4c937fe] GET /admin/login/ -> 500 (0.18s) [anonymous]"}
{"timestamp": null, "level": null, "name": "apps.users.models", "message": "User created: test@example.com (ID: f8abda2e-a47b-4797-9596-f9b55e92120c)"}
{"timestamp": null, "level": null, "name": "apps.users.models", "message": "User created: test@example.com (ID: 8e3a66a3-3b0f-4eac-a631-7eb5f558b1da)"}
{"timestamp": null, "level": null, "name": "apps.users.models", "message": "User created: admin2@example.com (ID: b2c34c68-bec2-4e49-8974-8480f28d2b3c)"}
{"timestamp": null, "level": null, "name": "apps.users.models", "message": "User created: test@example.com (ID: 60012f15-d8d1-4d7d-ab69-26296714e59a)"}
{"timestamp": null, "level": null, "name": "apps.users.models", "message": "User created: test2@example.com (ID: c93de476-3d0f-4105-8251-31ada37a44c1)"}
{"timestamp": null, "level": null, "name": "apps.users.models", "message": "User created: test@example.com (ID: 69051516-a3dc-441f-ada0-5b48107add2f)"}
{"timestamp": null, "level": null, "name": "apps.users.models", "message": "Account locked for test@example.com due to 5 failed login attempts"}
{"timestamp": null, "level": null, "name": "apps.users.models", "message": "User created: test@example.com (ID: 1ba9937c-1a1c-49a9-b824-ccb74986b575)"}
{"timestamp": null, "level": null, "name": "apps.users.models", "message": "User created: test@example.com (ID: 1119e83d-a959-4135-8b67-df978bcba71e)"}
{"timestamp": null, "level": null, "name": "apps.users.models", "message": "User created: otp@example.com (ID: 2699020b-55fa-489e-bd2c-5c8a02cd4def)"}
{"timestamp": null, "level": null, "name": "apps.users.models", "message": "User created: otp@example.com (ID: 00092dd0-b4ce-4acd-bfe8-6d4261348672)"}
{"timestamp": null, "level": null, "name": "apps.users.models", "message": "User created: otp@example.com (ID: f5a53c8c-a755-40d5-a867-17a28e8f98f8)"}
{"timestamp": null, "level": null, "name": "apps.users.models", "message": "User created: apiadmin@example.com (ID: 08491dc5-076f-44e7-bb75-98801972c0d1)"}
{"timestamp": null, "level": null, "name": "apps.users.models", "message": "[LOGIN] apiadmin@example.com from 127.0.0.1"}
{"timestamp": null, "level": null, "name": "apps.core.request", "message": "[req_19b0dc675c0f] POST /api/v1/auth/login/ -> 200 (0.52s) [anonymous]"}
{"timestamp": null, "level": null, "name": "apps.core.request", "message": "[req_9476026bb02c] GET /api/v1/health/ -> 200 (0.45s) [anonymous]"}
{"timestamp": null, "level": null, "name": "apps.users.models", "message": "User created: apiadmin@example.com (ID: c1d473d6-6d14-4d47-81b7-6ac1c8393588)"}
{"timestamp": null, "level": null, "name": "apps.users.models", "message": "[LOGIN] apiadmin@example.com from 127.0.0.1"}
{"timestamp": null, "level": null, "name": "apps.core.request", "message": "[req_3fa1a6254c34] POST /api/v1/auth/login/ -> 200 (0.32s) [anonymous]"}
{"timestamp": null, "level": null, "name": "apps.core.request", "message": "[req_30891e3daa38] GET /api/v1/health/ -> 200 (0.00s) [anonymous]"}
{"timestamp": null, "level": null, "name": "apps.users.models", "message": "User created: apiadmin@example.com (ID: ce2d57c7-d939-40f9-9797-24d3b247a8b5)"}
{"timestamp": null, "level": null, "name": "apps.users.models", "message": "[LOGIN] apiadmin@example.com from 127.0.0.1"}
{"timestamp": null, "level": null, "name": "apps.core.request", "message": "[req_4e09eabf29b1] POST /api/v1/auth/login/ -> 200 (0.32s) [anonymous]"}
{"timestamp": null, "level": null, "name": "apps.core.request", "message": "[req_c3e504cb1e9d] POST /api/v1/auth/login/ -> 400 (0.32s) [apiadmin (apiadmin@example.com)]"}
{"timestamp": null, "level": null, "name": "apps.users.models", "message": "User created: apiadmin@example.com (ID: 7c7429b1-11e0-4cc4-92c8-98a01ae75968)"}
{"timestamp": null, "level": null, "name": "apps.users.models", "message": "[LOGIN] apiadmin@example.com from 127.0.0.1"}
{"timestamp": null, "level": null, "name": "apps.core.request", "message": "[req_8cdb2d2ed9dd] POST /api/v1/auth/login/ -> 200 (0.31s) [anonymous]"}
{"timestamp": null, "level": null, "name": "apps.core.request", "message": "[req_0a05e4e8235c] POST /api/v1/auth/login/ -> 400 (0.00s) [apiadmin (apiadmin@example.com)]"}
{"timestamp": null, "level": null, "name": "apps.users.models", "message": "User created: apiadmin@example.com (ID: 9a5eab4b-51f6-44bd-bb6b-8f32804fdc44)"}
{"timestamp": null, "level": null, "name": "apps.users.models", "message": "[LOGIN] apiadmin@example.com from 127.0.0.1"}
{"timestamp": null, "level": null, "name": "apps.core.request", "message": "[req_9ffe8cc60947] POST /api/v1/auth/login/ -> 200 (0.32s) [anonymous]"}
{"timestamp": null, "level": null, "name": "apps.users.models", "message": "[LOGIN] apiadmin@example.com from 127.0.0.1"}
{"timestamp": null, "level": null, "name": "apps.core.request", "message": "[req_0d30e42ff607] POST /api/v1/auth/login/ -> 200 (0.31s) [apiadmin (apiadmin@example.com)]"}
{"timestamp": null, "level": null, "name": "apps.users.models", "message": "User created: apiadmin@example.com (ID: 4987d389-96d2-4d0e-9fa6-9140bfb69720)"}
{"timestamp": null, "level": null, "name": "apps.users.models", "message": "[LOGIN] apiadmin@example.com from 127.0.0.1"}
{"timestamp": null, "level": null, "name": "apps.core.request", "message": "[req_550040941df4] POST /api/v1/auth/login/ -> 200 (0.31s) [anonymous]"}
{"timestamp": null, "level": null, "name": "apps.users.models", "message": "User created: new@example.com (ID: 6f9c5995-0323-4ade-80b0-74331b5bc29c)"}
{"timestamp": null, "level": null, "name": "apps.core.request", "message": "[req_d40b0ad8e33a] POST /api/v1/auth/register/ -> 201 (0.31s) [apiadmin (apiadmin@example.com)]"}
{"timestamp": null, "level": null, "name": "apps.users.models", "message": "User created: apiadmin@example.com (ID: bc333b4e-2b9a-4f27-b012-62283e057c2c)"}
{"timestamp": null, "level": null, "name": "apps.users.models", "message": "[LOGIN] apiadmin@example.com from 127.0.0.1"}
{"timestamp": null, "level": null, "name": "apps.core.request", "message": "[req_1512811c825f] POST /api/v1/auth/login/ -> 200 (0.31s) [anonymous]"}
{"timestamp": null, "level": null, "name": "apps.users.models", "message": "[LOGIN] apiadmin@example.com from 127.0.0.1"}
{"timestamp": null, "level": null, "name": "apps.core.request", "message": "[req_43c96d4efafa] POST /api/v1/auth/login/ -> 200 (0.31s) [apiadmin (apiadmin@example.com)]"}
{"timestamp": null, "level": null, "name": "apps.core.request", "message": "[req_7908e215d200] POST /api/v1/auth/refresh/ -> 200 (0.01s) [anonymous]"}
{"timestamp": null, "level": null, "name": "apps.users.models", "message": "User created: apiadmin@example.com (ID: e59a6db7-5f8a-440f-a594-caf7e87936f8)"}
{"timestamp": null, "level": null, "name": "apps.users.models", "message": "[LOGIN] apiadmin@example.com from 127.0.0.1"}
{"timestamp": null, "level": null, "name": "apps.core.request", "message": "[req_0fbf5283f2cb] POST /api/v1/auth/login/ -> 200 (0.31s) [anonymous]"}
{"timestamp": null, "level": null, "name": "apps.users.models", "message": "User created: regular@example.com (ID: 75b4c036-03d2-4328-88dd-35b84533fac4)"}
{"timestamp": null, "level": null, "name": "apps.users.models", "message": "[PASSWORD_CHANGE] apiadmin@example.com from 127.0.0.1"}
{"timestamp": null, "level": null, "name": "apps.core.request", "message": "[req_c75590f46709] POST /api/v1/users/users/change_password/ -> 200 (0.62s) [apiadmin (apiadmin@example.com)]"}
{"timestamp": null, "level": null, "name": "apps.users.models", "message": "User created: apiadmin@example.com (ID: d494b052-a05d-442f-a370-d50470bf69bc)"}
{"timestamp": null, "level": null, "name": "apps.users.models", "message": "[LOGIN] apiadmin@example.com from 127.0.0.1"}
{"timestamp": null, "level": null, "name": "apps.core.request", "message": "[req_ccf501456542] POST /api/v1/auth/login/ -> 200 (0.31s) [anonymous]"}
{"timestamp": null, "level": null, "name": "apps.users.models", "message": "User created: regular@example.com (ID: f0726a58-dcaa-40cf-bd7b-9d15e7fc48ea)"}
{"timestamp": null, "level": null, "name": "apps.core.request", "message": "[req_922847c8ec1b] GET /api/v1/users/users/me/ -> 200 (0.00s) [apiadmin (apiadmin@example.com)]"}
{"timestamp": null, "level": null, "name": "apps.users.models", "message": "User created: apiadmin@example.com (ID: c2ac5bbe-4ddd-4efa-badc-bbb372b911d9)"}
{"timestamp": null, "level": null, "name": "apps.users.models", "message": "[LOGIN] apiadmin@example.com from 127.0.0.1"}
{"timestamp": null, "level": null, "name": "apps.core.request", "message": "[req_5f43fe435214] POST /api/v1/auth/login/ -> 200 (0.31s) [anonymous]"}
{"timestamp": null, "level": null, "name": "apps.users.models", "message": "User created: regular@example.com (ID: ffdbb00c-e82e-4ae1-8d85-496827c860bb)"}
{"timestamp": null, "level": null, "name": "apps.core.request", "message": "[req_457572e421df] GET /api/v1/users/users/ffdbb00c-e82e-4ae1-8d85-496827c860bb/ -> 200 (0.00s) [apiadmin (apiadmin@example.com)]"}
{"timestamp": null, "level": null, "name": "apps.users.models", "message": "User created: apiadmin@example.com (ID: 0f8aabdf-47b6-466f-87b4-e17e9116f632)"}
{"timestamp": null, "level": null, "name": "apps.users.models", "message": "[LOGIN] apiadmin@example.com from 127.0.0.1"}
{"timestamp": null, "level": null, "name": "apps.core.request", "message": "[req_ead0615827eb] POST /api/v1/auth/login/ -> 200 (0.31s) [anonymous]"}
{"timestamp": null, "level": null, "name": "apps.users.models", "message": "User created: regular@example.com (ID: 882200ee-e2f7-4512-8a3e-c2626638be2d)"}
{"timestamp": null, "level": null, "name": "apps.core.request", "message": "[req_a9a2b7c1c01a] GET /api/v1/users/users/ -> 200 (0.01s) [apiadmin (apiadmin@example.com)]"}
{"timestamp": null, "level": null, "name": "apps.users.models", "message": "User created: apiadmin@example.com (ID: 1c99143f-2428-4012-acf8-57df54c9f880)"}
{"timestamp": null, "level": null, "name": "apps.users.models", "message": "[LOGIN] apiadmin@example.com from 127.0.0.1"}
{"timestamp": null, "level": null, "name": "apps.core.request", "message": "[req_f6d4d4aa40f3] POST /api/v1/auth/login/ -> 200 (0.31s) [anonymous]"}
{"timestamp": null, "level": null, "name": "apps.users.models", "message": "User created: regular@example.com (ID: 9b899778-6828-48f8-b555-1ad6e3dd9d52)"}
{"timestamp": null, "level": null, "name": "apps.users.models", "message": "[PROFILE_UPDATE] apiadmin@example.com from 127.0.0.1"}
{"timestamp": null, "level": null, "name": "apps.core.request", "message": "[req_a1d08c02247f] PUT /api/v1/users/users/update_profile/ -> 200 (0.00s) [apiadmin (apiadmin@example.com)]"}
{"timestamp": null, "level": null, "name": "apps.users.models", "message": "User created: apiadmin@example.com (ID: 042536dd-f14c-47f4-bd77-35931b1c5814)"}
{"timestamp": null, "level": null, "name": "apps.users.models", "message": "[LOGIN] apiadmin@example.com from 127.0.0.1"}
{"timestamp": null, "level": null, "name": "apps.core.request", "message": "[req_abc19bd16b2e] POST /api/v1/auth/login/ -> 200 (0.31s) [anonymous]"}
{"timestamp": null, "level": null, "name": "apps.core.request", "message": "[req_aead8826a5ff] GET /api/v1/users/permissions/modules/ -> 200 (0.00s) [apiadmin (apiadmin@example.com)]"}
{"timestamp": null, "level": null, "name": "apps.users.models", "message": "User created: apiadmin@example.com (ID: 46a4a119-6a70-4206-90de-62486fc489bb)"}
{"timestamp": null, "level": null, "name": "apps.users.models", "message": "[LOGIN] apiadmin@example.com from 127.0.0.1"}
{"timestamp": null, "level": null, "name": "apps.core.request", "message": "[req_ef2cd7b8e218] POST /api/v1/auth/login/ -> 200 (0.31s) [anonymous]"}
{"timestamp": null, "level": null, "name": "apps.core.request", "message": "[req_7a6c68742c2d] GET /api/v1/users/permissions/ -> 200 (0.00s) [apiadmin (apiadmin@example.com)]"}
{"timestamp": null, "level": null, "name": "apps.users.models", "message": "User created: apiadmin@example.com (ID: aaf72182-c82a-4003-815d-586e23f92314)"}
{"timestamp": null, "level": null, "name": "apps.users.models", "message": "[LOGIN] apiadmin@example.com from 127.0.0.1"}
{"timestamp": null, "level": null, "name": "apps.core.request", "message": "[req_b22a35d8c3ed] POST /api/v1/auth/login/ -> 200 (0.31s) [anonymous]"}
{"timestamp": null, "level": null, "name": "apps.core.request", "message": "[req_a76029292245] POST /api/v1/users/groups/ -> 201 (0.00s) [apiadmin (apiadmin@example.com)]"}
{"timestamp": null, "level": null, "name": "apps.users.models", "message": "User created: apiadmin@example.com (ID: eb7f52ba-06f4-4374-9ef4-b8debe758566)"}
{"timestamp": null, "level": null, "name": "apps.users.models", "message": "[LOGIN] apiadmin@example.com from 127.0.0.1"}
{"timestamp": null, "level": null, "name": "apps.core.request", "message": "[req_0c24ff5f5192] POST /api/v1/auth/login/ -> 200 (0.31s) [anonymous]"}
{"timestamp": null, "level": null, "name": "apps.core.request", "message": "[req_c39a1031d956] GET /api/v1/users/groups/9fda4ad7-1f74-4da3-aa93-b89e73a020b4/ -> 200 (0.00s) [apiadmin (apiadmin@example.com)]"}
{"timestamp": null, "level": null, "name": "apps.users.models", "message": "User created: apiadmin@example.com (ID: 3d93de07-dda3-4427-8805-9ece50782f47)"}
{"timestamp": null, "level": null, "name": "apps.users.models", "message": "[LOGIN] apiadmin@example.com from 127.0.0.1"}
{"timestamp": null, "level": null, "name": "apps.core.request", "message": "[req_6da1ae8582e0] POST /api/v1/auth/login/ -> 200 (0.31s) [anonymous]"}
{"timestamp": null, "level": null, "name": "apps.core.request", "message": "[req_ea5eb9a2c77c] GET /api/v1/users/groups/ -> 200 (0.00s) [apiadmin (apiadmin@example.com)]"}
{"timestamp": null, "level": null, "name": "apps.users.models", "message": "User created: apiadmin@example.com (ID: 9e32e1a6-141f-44de-8b89-8c959936ec70)"}
{"timestamp": null, "level": null, "name": "apps.users.models", "message": "[LOGIN] apiadmin@example.com from 127.0.0.1"}
{"timestamp": null, "level": null, "name": "apps.core.request", "message": "[req_e4dd4938f3d1] POST /api/v1/auth/login/ -> 200 (0.31s) [anonymous]"}
{"timestamp": null, "level": null, "name": "apps.core.request", "message": "[req_69835059062e] GET /api/v1/users/users/me/ -> 401 (0.00s) [anonymous]"}
{"timestamp": null, "level": null, "name": "apps.users.models", "message": "User created: apiadmin@example.com (ID: 4b4fbae8-a787-4b6e-8475-915f09f8b912)"}
{"timestamp": null, "level": null, "name": "apps.users.models", "message": "[LOGIN] apiadmin@example.com from 127.0.0.1"}
{"timestamp": null, "level": null, "name": "apps.core.request", "message": "[req_fbff8d783f65] POST /api/v1/auth/login/ -> 200 (0.31s) [anonymous]"}
{"timestamp": null, "level": null, "name": "apps.core.request", "message": "[req_ee6babdbc5d3] GET /api/v1/users/users/me/ -> 200 (0.00s) [apiadmin (apiadmin@example.com)]"}
{"timestamp": null, "level": null, "name": "apps.core.request", "message": "[req_3547cabf1d2d] GET /admin/ -> 302 (0.15s) [anonymous]"}
{"timestamp": null, "level": null, "name": "apps.core.request", "message": "[req_baf415f9961b] GET /admin/login/ ERROR: 'super' object has no attribute 'dicts' and no __dict__ for setting new attributes [anonymous]"}
{"timestamp": null, "level": null, "name": "apps.core.request", "message": "[req_baf415f9961b] GET /admin/login/ -> 500 (0.11s) [anonymous]"}
{"timestamp": null, "level": null, "name": "apps.core.request", "message": "[req_706fb5338050] GET /admin/login/ ERROR: 'RequestContext' object has no attribute 'template' [anonymous]"}
{"timestamp": null, "level": null, "name": "apps.core.request", "message": "[req_706fb5338050] GET /admin/login/ -> 500 (0.25s) [anonymous]"}
{"timestamp": null, "level": null, "name": "apps.core.request", "message": "[req_dfb237824763] GET /admin/login/ -> 200 (0.20s) [anonymous]"}
{"timestamp": null, "level": null, "name": "apps.core.request", "message": "[req_e22748dfa24b] POST /admin/login/ -> 302 (0.47s) [admin (admin@zic.com)]"}
{"timestamp": null, "level": null, "name": "apps.core.request", "message": "[req_2cb3deb80d4e] GET /admin/ ERROR: 'items' [admin (admin@zic.com)]"}
{"timestamp": null, "level": null, "name": "apps.core.request", "message": "[req_2cb3deb80d4e] GET /admin/ -> 500 (0.14s) [admin (admin@zic.com)]"}
{"timestamp": null, "level": null, "name": "apps.core.request", "message": "[req_de876d20da9a] POST /admin/login/ -> 302 (0.44s) [admin (admin@zic.com)]"}
{"timestamp": null, "level": null, "name": "apps.core.request", "message": "[req_08fd164e75a6] GET /admin/ ERROR: 'items' [admin (admin@zic.com)]"}
{"timestamp": null, "level": null, "name": "apps.core.request", "message": "[req_08fd164e75a6] GET /admin/ -> 500 (0.14s) [admin (admin@zic.com)]"}
{"timestamp": null, "level": null, "name": "apps.core.request", "message": "[req_8dc9c71b22fc] POST /admin/login/ -> 302 (0.43s) [admin (admin@zic.com)]"}
{"timestamp": null, "level": null, "name": "apps.core.request", "message": "[req_89740eefcef9] GET /admin/ ERROR: 'items' [admin (admin@zic.com)]"}
{"timestamp": null, "level": null, "name": "apps.core.request", "message": "[req_89740eefcef9] GET /admin/ -> 500 (0.13s) [admin (admin@zic.com)]"}
{"timestamp": null, "level": null, "name": "apps.core.request", "message": "[req_bf17ee5c3e2e] POST /admin/login/ -> 302 (0.43s) [admin (admin@zic.com)]"}
{"timestamp": null, "level": null, "name": "apps.core.request", "message": "[req_b9130e16a0a7] GET /admin/ ERROR: 'items' [admin (admin@zic.com)]"}
{"timestamp": null, "level": null, "name": "apps.core.request", "message": "[req_b9130e16a0a7] GET /admin/ -> 500 (0.12s) [admin (admin@zic.com)]"}
{"timestamp": null, "level": null, "name": "apps.core.request", "message": "[req_da518f5336c7] POST /admin/login/ -> 302 (0.42s) [admin (admin@zic.com)]"}
{"timestamp": null, "level": null, "name": "apps.core.request", "message": "[req_9eecb1f1f37a] GET /admin/ ERROR: 'items' [admin (admin@zic.com)]"}
{"timestamp": null, "level": null, "name": "apps.core.request", "message": "[req_9eecb1f1f37a] GET /admin/ -> 500 (0.12s) [admin (admin@zic.com)]"}
{"timestamp": null, "level": null, "name": "apps.core.request", "message": "[req_9d7e33eeaab1] POST /admin/login/ -> 302 (0.61s) [admin (admin@zic.com)]"}
{"timestamp": null, "level": null, "name": "apps.core.request", "message": "[req_a7d8b240368e] GET /admin/ -> 200 (0.17s) [admin (admin@zic.com)]"}
{"timestamp": null, "level": null, "name": "apps.core.request", "message": "[req_bae57970aebf] GET /admin/login/ -> 200 (0.11s) [anonymous]"}
{"timestamp": null, "level": null, "name": "apps.core.request", "message": "[req_ea7eb3cb0387] GET /admin/login/ -> 200 (0.01s) [anonymous]"}
{"timestamp": null, "level": null, "name": "apps.core.request", "message": "[req_faffa7b5bfb4] GET /favicon.ico -> 404 (0.01s) [anonymous]"}
{"timestamp": null, "level": null, "name": "apps.core.request", "message": "[req_9c8dd215998c] GET /admin/login/ -> 200 (0.10s) [anonymous]"}
{"timestamp": null, "level": null, "name": "apps.core.request", "message": "[req_06a79eac4378] GET /api/v1/health/ -> 200 (0.64s) [anonymous]"}
{"timestamp": null, "level": null, "name": "apps.users.models", "message": "[LOGIN] admin@zic.com from 127.0.0.1"}
{"timestamp": null, "level": null, "name": "apps.core.request", "message": "[req_91738a5404e1] POST /api/v1/auth/login/ -> 200 (0.63s) [anonymous]"}
{"timestamp": null, "level": null, "name": "apps.users.models", "message": "User created: test@example.com (ID: 80e73699-4833-431d-934f-cd16cbf4e512)"}
{"timestamp": null, "level": null, "name": "apps.users.models", "message": "User created: test@example.com (ID: 5f42c7fe-dba3-465a-80d6-ec896860af3e)"}
{"timestamp": null, "level": null, "name": "apps.users.models", "message": "User created: admin2@example.com (ID: 3cf8c10a-77e9-4e29-9be2-ebd538c7dd7d)"}
{"timestamp": null, "level": null, "name": "apps.users.models", "message": "User created: test@example.com (ID: 1dc62eff-2b2e-41aa-8421-df1514394ab4)"}
{"timestamp": null, "level": null, "name": "apps.users.models", "message": "User created: test2@example.com (ID: 55d2b216-4ff0-423d-8abf-439b8c7b6eab)"}
{"timestamp": null, "level": null, "name": "apps.users.models", "message": "User created: test@example.com (ID: 914e7556-9bbb-41ae-903e-6cbaacd79627)"}
{"timestamp": null, "level": null, "name": "apps.users.models", "message": "Account locked for test@example.com due to 5 failed login attempts"}
{"timestamp": null, "level": null, "name": "apps.users.models", "message": "User created: test@example.com (ID: 3598ad9c-390d-4bc9-9a67-ab4a177bdb1a)"}
{"timestamp": null, "level": null, "name": "apps.users.models", "message": "User created: test@example.com (ID: 859024a6-16e7-4014-a168-1738eb7f9e97)"}
{"timestamp": null, "level": null, "name": "apps.users.models", "message": "User created: otp@example.com (ID: 01f8658d-da2c-4096-8900-fe71c2366cc5)"}
{"timestamp": null, "level": null, "name": "apps.users.models", "message": "User created: otp@example.com (ID: 7992b6b3-6af0-40dc-85ee-dfffd9343e25)"}
{"timestamp": null, "level": null, "name": "apps.users.models", "message": "User created: otp@example.com (ID: 33f67ca7-c461-4b7b-98bf-ec3025a5f576)"}
{"timestamp": null, "level": null, "name": "apps.users.models", "message": "User created: apiadmin@example.com (ID: f2c233a6-89ce-4de1-bc90-3d9a762ece8c)"}
{"timestamp": null, "level": null, "name": "apps.users.models", "message": "[LOGIN] apiadmin@example.com from 127.0.0.1"}
{"timestamp": null, "level": null, "name": "apps.core.request", "message": "[req_b139194dd585] POST /api/v1/auth/login/ -> 200 (0.71s) [anonymous]"}
{"timestamp": null, "level": null, "name": "apps.core.request", "message": "[req_a6e3d1266328] GET /api/v1/health/ -> 200 (0.08s) [anonymous]"}
{"timestamp": null, "level": null, "name": "apps.users.models", "message": "User created: apiadmin@example.com (ID: 4ea14b79-8903-49cc-94dc-f984c05494b1)"}
{"timestamp": null, "level": null, "name": "apps.users.models", "message": "[LOGIN] apiadmin@example.com from 127.0.0.1"}
{"timestamp": null, "level": null, "name": "apps.core.request", "message": "[req_68089d0d37e7] POST /api/v1/auth/login/ -> 200 (0.48s) [anonymous]"}
{"timestamp": null, "level": null, "name": "apps.core.request", "message": "[req_88757ab8652c] GET /api/v1/health/ -> 200 (0.00s) [anonymous]"}
{"timestamp": null, "level": null, "name": "apps.users.models", "message": "User created: apiadmin@example.com (ID: 6ec6ffa4-ef2d-4a49-80b3-437ebddb98d4)"}
{"timestamp": null, "level": null, "name": "apps.users.models", "message": "[LOGIN] apiadmin@example.com from 127.0.0.1"}
{"timestamp": null, "level": null, "name": "apps.core.request", "message": "[req_740fff6a02ce] POST /api/v1/auth/login/ -> 200 (0.48s) [anonymous]"}
{"timestamp": null, "level": null, "name": "apps.core.request", "message": "[req_a9d9cb5bed7f] POST /api/v1/auth/login/ -> 400 (0.49s) [apiadmin (apiadmin@example.com)]"}
{"timestamp": null, "level": null, "name": "apps.users.models", "message": "User created: apiadmin@example.com (ID: 1a2f9fd7-de8a-4731-a7c1-95e6b1f3ae46)"}
{"timestamp": null, "level": null, "name": "apps.users.models", "message": "[LOGIN] apiadmin@example.com from 127.0.0.1"}
{"timestamp": null, "level": null, "name": "apps.core.request", "message": "[req_f03645465357] POST /api/v1/auth/login/ -> 200 (0.49s) [anonymous]"}
{"timestamp": null, "level": null, "name": "apps.core.request", "message": "[req_fd7531c04324] POST /api/v1/auth/login/ -> 400 (0.00s) [apiadmin (apiadmin@example.com)]"}
{"timestamp": null, "level": null, "name": "apps.users.models", "message": "User created: apiadmin@example.com (ID: a647dc1e-41dc-4fee-b504-403cb9c00083)"}
{"timestamp": null, "level": null, "name": "apps.users.models", "message": "[LOGIN] apiadmin@example.com from 127.0.0.1"}
{"timestamp": null, "level": null, "name": "apps.core.request", "message": "[req_4c0fc03eac23] POST /api/v1/auth/login/ -> 200 (0.48s) [anonymous]"}
{"timestamp": null, "level": null, "name": "apps.users.models", "message": "[LOGIN] apiadmin@example.com from 127.0.0.1"}
{"timestamp": null, "level": null, "name": "apps.core.request", "message": "[req_366b8cb9dc3e] POST /api/v1/auth/login/ -> 200 (0.48s) [apiadmin (apiadmin@example.com)]"}
{"timestamp": null, "level": null, "name": "apps.users.models", "message": "User created: apiadmin@example.com (ID: 75d5acc8-d5ba-46d5-ab9b-1058eca8747d)"}
{"timestamp": null, "level": null, "name": "apps.users.models", "message": "[LOGIN] apiadmin@example.com from 127.0.0.1"}
{"timestamp": null, "level": null, "name": "apps.core.request", "message": "[req_6311bafbf0c9] POST /api/v1/auth/login/ -> 200 (0.48s) [anonymous]"}
{"timestamp": null, "level": null, "name": "apps.users.models", "message": "User created: new@example.com (ID: 1c9d59df-73d4-48df-950a-87933ecff55b)"}
{"timestamp": null, "level": null, "name": "apps.core.request", "message": "[req_015f8649c851] POST /api/v1/auth/register/ -> 201 (0.48s) [apiadmin (apiadmin@example.com)]"}
{"timestamp": null, "level": null, "name": "apps.users.models", "message": "User created: apiadmin@example.com (ID: 5f6c2183-1a6f-41e7-b250-5e299e587e2d)"}
{"timestamp": null, "level": null, "name": "apps.users.models", "message": "[LOGIN] apiadmin@example.com from 127.0.0.1"}
{"timestamp": null, "level": null, "name": "apps.core.request", "message": "[req_8e4b683aced0] POST /api/v1/auth/login/ -> 200 (0.48s) [anonymous]"}
{"timestamp": null, "level": null, "name": "apps.users.models", "message": "[LOGIN] apiadmin@example.com from 127.0.0.1"}
{"timestamp": null, "level": null, "name": "apps.core.request", "message": "[req_9cdad1a93021] POST /api/v1/auth/login/ -> 200 (0.49s) [apiadmin (apiadmin@example.com)]"}
{"timestamp": null, "level": null, "name": "apps.core.request", "message": "[req_0b550e34c9ee] POST /api/v1/auth/refresh/ -> 200 (0.01s) [anonymous]"}
{"timestamp": null, "level": null, "name": "apps.users.models", "message": "User created: apiadmin@example.com (ID: d0c5b0fb-9a4c-468e-ba95-51b66d28a63a)"}
{"timestamp": null, "level": null, "name": "apps.users.models", "message": "[LOGIN] apiadmin@example.com from 127.0.0.1"}
{"timestamp": null, "level": null, "name": "apps.core.request", "message": "[req_50517be7c9d3] POST /api/v1/auth/login/ -> 200 (0.48s) [anonymous]"}
{"timestamp": null, "level": null, "name": "apps.users.models", "message": "User created: regular@example.com (ID: 15c5c5be-a622-4246-9444-a06b82dfdd88)"}
{"timestamp": null, "level": null, "name": "apps.users.models", "message": "[PASSWORD_CHANGE] apiadmin@example.com from 127.0.0.1"}
{"timestamp": null, "level": null, "name": "apps.core.request", "message": "[req_10ae12ac47be] POST /api/v1/users/users/change_password/ -> 200 (0.96s) [apiadmin (apiadmin@example.com)]"}
{"timestamp": null, "level": null, "name": "apps.users.models", "message": "User created: apiadmin@example.com (ID: 2b5da76e-0f88-4eac-a840-c946b05f9586)"}
{"timestamp": null, "level": null, "name": "apps.users.models", "message": "[LOGIN] apiadmin@example.com from 127.0.0.1"}
{"timestamp": null, "level": null, "name": "apps.core.request", "message": "[req_a4e23b72cf78] POST /api/v1/auth/login/ -> 200 (0.49s) [anonymous]"}
{"timestamp": null, "level": null, "name": "apps.users.models", "message": "User created: regular@example.com (ID: 3e9850b8-0db4-44b7-88f9-d27d3d8c2e6d)"}
{"timestamp": null, "level": null, "name": "apps.core.request", "message": "[req_84e9d42c097f] GET /api/v1/users/users/me/ -> 200 (0.00s) [apiadmin (apiadmin@example.com)]"}
{"timestamp": null, "level": null, "name": "apps.users.models", "message": "User created: apiadmin@example.com (ID: ca25554d-6894-41d6-aa0d-8e1ecbdde330)"}
{"timestamp": null, "level": null, "name": "apps.users.models", "message": "[LOGIN] apiadmin@example.com from 127.0.0.1"}
{"timestamp": null, "level": null, "name": "apps.core.request", "message": "[req_3d4e9343148b] POST /api/v1/auth/login/ -> 200 (0.49s) [anonymous]"}
{"timestamp": null, "level": null, "name": "apps.users.models", "message": "User created: regular@example.com (ID: f7de32a3-e59f-433c-a946-8d230f2aa732)"}
{"timestamp": null, "level": null, "name": "apps.core.request", "message": "[req_513dcf4b8cd0] GET /api/v1/users/users/f7de32a3-e59f-433c-a946-8d230f2aa732/ -> 200 (0.01s) [apiadmin (apiadmin@example.com)]"}
{"timestamp": null, "level": null, "name": "apps.users.models", "message": "User created: apiadmin@example.com (ID: ccb4b7b8-af1f-404c-9128-a5789c44571e)"}
{"timestamp": null, "level": null, "name": "apps.users.models", "message": "[LOGIN] apiadmin@example.com from 127.0.0.1"}
{"timestamp": null, "level": null, "name": "apps.core.request", "message": "[req_65f3f8338418] POST /api/v1/auth/login/ -> 200 (0.49s) [anonymous]"}
{"timestamp": null, "level": null, "name": "apps.users.models", "message": "User created: regular@example.com (ID: 2ce051e9-d7f0-4274-9a80-3a83aa2da6ad)"}
{"timestamp": null, "level": null, "name": "apps.core.request", "message": "[req_26769a409008] GET /api/v1/users/users/ -> 200 (0.01s) [apiadmin (apiadmin@example.com)]"}
{"timestamp": null, "level": null, "name": "apps.users.models", "message": "User created: apiadmin@example.com (ID: c3a524ae-3cba-4127-9579-4427971eec0a)"}
{"timestamp": null, "level": null, "name": "apps.users.models", "message": "[LOGIN] apiadmin@example.com from 127.0.0.1"}
{"timestamp": null, "level": null, "name": "apps.core.request", "message": "[req_99c8fbe92fef] POST /api/v1/auth/login/ -> 200 (0.48s) [anonymous]"}
{"timestamp": null, "level": null, "name": "apps.users.models", "message": "User created: regular@example.com (ID: 253e03bd-918d-4ae2-90dc-03ca5f03e800)"}
{"timestamp": null, "level": null, "name": "apps.users.models", "message": "[PROFILE_UPDATE] apiadmin@example.com from 127.0.0.1"}
{"timestamp": null, "level": null, "name": "apps.core.request", "message": "[req_b02528135eef] PUT /api/v1/users/users/update_profile/ -> 200 (0.00s) [apiadmin (apiadmin@example.com)]"}
{"timestamp": null, "level": null, "name": "apps.users.models", "message": "User created: apiadmin@example.com (ID: 5e52a398-30a1-4e68-ae97-0255db5dab18)"}
{"timestamp": null, "level": null, "name": "apps.users.models", "message": "[LOGIN] apiadmin@example.com from 127.0.0.1"}
{"timestamp": null, "level": null, "name": "apps.core.request", "message": "[req_124c333e64e9] POST /api/v1/auth/login/ -> 200 (0.48s) [anonymous]"}
{"timestamp": null, "level": null, "name": "apps.core.request", "message": "[req_9c776ec51e3a] GET /api/v1/users/permissions/modules/ -> 200 (0.00s) [apiadmin (apiadmin@example.com)]"}
{"timestamp": null, "level": null, "name": "apps.users.models", "message": "User created: apiadmin@example.com (ID: 9aff1e8d-37d9-4534-aca5-71633643c714)"}
{"timestamp": null, "level": null, "name": "apps.users.models", "message": "[LOGIN] apiadmin@example.com from 127.0.0.1"}
{"timestamp": null, "level": null, "name": "apps.core.request", "message": "[req_db3c9bccc01e] POST /api/v1/auth/login/ -> 200 (0.48s) [anonymous]"}
{"timestamp": null, "level": null, "name": "apps.core.request", "message": "[req_46363f9e0053] GET /api/v1/users/permissions/ -> 200 (0.00s) [apiadmin (apiadmin@example.com)]"}
{"timestamp": null, "level": null, "name": "apps.users.models", "message": "User created: apiadmin@example.com (ID: f5e9616e-6ccd-4b4c-ad54-46c6e5f7ffc3)"}
{"timestamp": null, "level": null, "name": "apps.users.models", "message": "[LOGIN] apiadmin@example.com from 127.0.0.1"}
{"timestamp": null, "level": null, "name": "apps.core.request", "message": "[req_d63cb7bfd703] POST /api/v1/auth/login/ -> 200 (0.48s) [anonymous]"}
{"timestamp": null, "level": null, "name": "apps.core.request", "message": "[req_5991dacf2f65] POST /api/v1/users/groups/ -> 201 (0.00s) [apiadmin (apiadmin@example.com)]"}
{"timestamp": null, "level": null, "name": "apps.users.models", "message": "User created: apiadmin@example.com (ID: e3ff1876-8013-4d2e-834f-38c593f54556)"}
{"timestamp": null, "level": null, "name": "apps.users.models", "message": "[LOGIN] apiadmin@example.com from 127.0.0.1"}
{"timestamp": null, "level": null, "name": "apps.core.request", "message": "[req_aaf6c77303a1] POST /api/v1/auth/login/ -> 200 (0.48s) [anonymous]"}
{"timestamp": null, "level": null, "name": "apps.core.request", "message": "[req_aafd7e390e94] GET /api/v1/users/groups/82e99bd7-a7d4-4330-8933-df93c56cef4f/ -> 200 (0.00s) [apiadmin (apiadmin@example.com)]"}
{"timestamp": null, "level": null, "name": "apps.users.models", "message": "User created: apiadmin@example.com (ID: 072d13c7-afa6-4562-9401-55aecef79d2c)"}
{"timestamp": null, "level": null, "name": "apps.users.models", "message": "[LOGIN] apiadmin@example.com from 127.0.0.1"}
{"timestamp": null, "level": null, "name": "apps.core.request", "message": "[req_6e9d25639b90] POST /api/v1/auth/login/ -> 200 (0.48s) [anonymous]"}
{"timestamp": null, "level": null, "name": "apps.core.request", "message": "[req_8bb20d5b3180] GET /api/v1/users/groups/ -> 200 (0.00s) [apiadmin (apiadmin@example.com)]"}
{"timestamp": null, "level": null, "name": "apps.users.models", "message": "User created: apiadmin@example.com (ID: 51e59eeb-f5d7-4ede-8731-c26e29ebc62f)"}
{"timestamp": null, "level": null, "name": "apps.users.models", "message": "[LOGIN] apiadmin@example.com from 127.0.0.1"}
{"timestamp": null, "level": null, "name": "apps.core.request", "message": "[req_c2a0d8653482] POST /api/v1/auth/login/ -> 200 (0.48s) [anonymous]"}
{"timestamp": null, "level": null, "name": "apps.core.request", "message": "[req_09595eaeb246] GET /api/v1/users/users/me/ -> 401 (0.00s) [anonymous]"}
{"timestamp": null, "level": null, "name": "apps.users.models", "message": "User created: apiadmin@example.com (ID: d003a51d-dd34-4ac3-ba35-c046c7fbd7c8)"}
{"timestamp": null, "level": null, "name": "apps.users.models", "message": "[LOGIN] apiadmin@example.com from 127.0.0.1"}
{"timestamp": null, "level": null, "name": "apps.core.request", "message": "[req_2298e41d33cc] POST /api/v1/auth/login/ -> 200 (0.48s) [anonymous]"}
{"timestamp": null, "level": null, "name": "apps.core.request", "message": "[req_018c759e09e7] GET /api/v1/users/users/me/ -> 200 (0.00s) [apiadmin (apiadmin@example.com)]"}
{"timestamp": null, "level": null, "name": "apps.core.request", "message": "[req_24156953fab0] GET / -> 404 (0.02s) [anonymous]"}
{"timestamp": null, "level": null, "name": "apps.core.request", "message": "[req_58a81a517ce6] GET /admin/login/ -> 200 (0.01s) [anonymous]"}
{"timestamp": null, "level": null, "name": "apps.core.request", "message": "[req_3cc95c61799c] GET /admin/login/ -> 200 (0.01s) [anonymous]"}
{"timestamp": null, "level": null, "name": "apps.core.request", "message": "[req_9e632d54f954] GET /admin/login/ -> 200 (0.01s) [anonymous]"}
{"timestamp": null, "level": null, "name": "apps.core.request", "message": "[req_ae4c06c7963d] GET /admin/login/ -> 200 (0.01s) [anonymous]"}
{"timestamp": null, "level": null, "name": "apps.core.request", "message": "[req_50d605c8d40b] GET /admin/login/ -> 200 (0.01s) [anonymous]"}
{"timestamp": null, "level": null, "name": "apps.users.models", "message": "User created: sultan@gmail.com (ID: b00e51b0-05f6-410c-80f0-f2651eaa53a6)"}
{"timestamp": null, "level": null, "name": "apps.core.request", "message": "[req_915899923889] POST /admin/login/ -> 302 (0.50s) [sultan (sultan@gmail.com)]"}
{"timestamp": null, "level": null, "name": "apps.core.request", "message": "[req_43284795fc70] GET /admin/ -> 200 (0.06s) [sultan (sultan@gmail.com)]"}
{"timestamp": null, "level": null, "name": "apps.core.request", "message": "[req_bdddc548b8aa] GET /admin/ -> 200 (0.04s) [sultan (sultan@gmail.com)]"}
{"timestamp": null, "level": null, "name": "apps.core.request", "message": "[req_d2edd349b49a] GET /admin/ -> 200 (0.04s) [sultan (sultan@gmail.com)]"}
{"timestamp": null, "level": null, "name": "apps.core.request", "message": "[req_ae019319dc6a] GET /admin/search/ -> 200 (0.02s) [sultan (sultan@gmail.com)]"}
{"timestamp": null, "level": null, "name": "apps.core.request", "message": "[req_872eacaf3104] GET /admin/search/ -> 200 (0.01s) [sultan (sultan@gmail.com)]"}
{"timestamp": null, "level": null, "name": "apps.core.request", "message": "[req_78dc9e51a3ed] GET /admin/login/ -> 200 (0.10s) [anonymous]"}
{"timestamp": null, "level": null, "name": "apps.core.request", "message": "[req_fadc8ab04150] GET /admin/ -> 200 (0.07s) [sultan (sultan@gmail.com)]"}
{"timestamp": null, "level": null, "name": "apps.core.request", "message": "[req_9965ba1eeb31] GET /favicon.ico -> 404 (0.02s) [sultan (sultan@gmail.com)]"}
{"timestamp": null, "level": null, "name": "apps.core.request", "message": "[req_e131fe604bb5] GET /admin/ -> 200 (0.04s) [sultan (sultan@gmail.com)]"}
{"timestamp": null, "level": null, "name": "apps.core.request", "message": "[req_41ea2a42e8ac] GET /favicon.ico -> 404 (0.02s) [sultan (sultan@gmail.com)]"}
{"timestamp": null, "level": null, "name": "apps.core.request", "message": "[req_d10a02dd3bc1] GET /admin/ -> 200 (0.05s) [sultan (sultan@gmail.com)]"}
{"timestamp": null, "level": null, "name": "apps.core.request", "message": "[req_6c0230dc6777] GET /favicon.ico -> 404 (0.03s) [sultan (sultan@gmail.com)]"}
{"timestamp": null, "level": null, "name": "apps.core.request", "message": "[req_549f503f0dd3] GET /admin/ -> 200 (0.05s) [sultan (sultan@gmail.com)]"}
{"timestamp": null, "level": null, "name": "apps.core.request", "message": "[req_c03c3283582b] GET /favicon.ico -> 404 (0.03s) [sultan (sultan@gmail.com)]"}
{"timestamp": null, "level": null, "name": "apps.core.request", "message": "[req_d868ba73c105] GET /admin/ -> 200 (0.05s) [sultan (sultan@gmail.com)]"}
{"timestamp": null, "level": null, "name": "apps.core.request", "message": "[req_b672a8492b2a] GET /favicon.ico -> 404 (0.03s) [sultan (sultan@gmail.com)]"}
{"timestamp": null, "level": null, "name": "apps.core.request", "message": "[req_1b23d2c5bc08] GET /admin/ -> 200 (0.17s) [sultan (sultan@gmail.com)]"}
{"timestamp": null, "level": null, "name": "apps.core.request", "message": "[req_de3718a0a460] GET /admin/ -> 200 (0.03s) [sultan (sultan@gmail.com)]"}
{"timestamp": null, "level": null, "name": "apps.core.request", "message": "[req_1aa230cfa201] GET /admin/ -> 200 (0.04s) [sultan (sultan@gmail.com)]"}
{"timestamp": null, "level": null, "name": "apps.core.request", "message": "[req_02c09d9b0a01] GET /admin/ -> 200 (0.04s) [sultan (sultan@gmail.com)]"}
{"timestamp": null, "level": null, "name": "apps.core.request", "message": "[req_e361e9bc4930] GET /admin/ -> 200 (0.05s) [sultan (sultan@gmail.com)]"}
{"timestamp": null, "level": null, "name": "apps.core.request", "message": "[req_944240203850] GET /admin/ -> 200 (0.05s) [sultan (sultan@gmail.com)]"}
{"timestamp": null, "level": null, "name": "apps.core.request", "message": "[req_aea208b462dc] GET /admin/ -> 200 (0.05s) [sultan (sultan@gmail.com)]"}
{"timestamp": null, "level": null, "name": "apps.core.request", "message": "[req_fcc988c120ea] GET /admin/ -> 200 (0.05s) [sultan (sultan@gmail.com)]"}
{"timestamp": null, "level": null, "name": "apps.core.request", "message": "[req_a01e2691cd65] GET /admin/ -> 200 (0.05s) [sultan (sultan@gmail.com)]"}
{"timestamp": null, "level": null, "name": "apps.core.request", "message": "[req_a199ea308f5d] GET /admin/ -> 200 (0.05s) [sultan (sultan@gmail.com)]"}
{"timestamp": null, "level": null, "name": "apps.core.request", "message": "[req_30e04cb06907] GET /admin/ -> 200 (0.05s) [sultan (sultan@gmail.com)]"}
{"timestamp": null, "level": null, "name": "apps.core.request", "message": "[req_75d7e2c44781] GET /admin/login/ -> 200 (0.02s) [anonymous]"}
{"timestamp": null, "level": null, "name": "apps.core.request", "message": "[req_703178d4b9a3] GET /admin/ -> 200 (0.04s) [sultan (sultan@gmail.com)]"}
{"timestamp": null, "level": null, "name": "apps.core.request", "message": "[req_c1d4769bc910] GET /admin/ -> 200 (0.07s) [sultan (sultan@gmail.com)]"}
{"timestamp": null, "level": null, "name": "apps.core.request", "message": "[req_867fb8c57d31] GET /admin/ -> 200 (0.15s) [sultan (sultan@gmail.com)]"}
{"timestamp": null, "level": null, "name": "apps.core.request", "message": "[req_65de7445230a] GET /favicon.ico -> 404 (0.06s) [sultan (sultan@gmail.com)]"}
{"timestamp": null, "level": null, "name": "apps.core.request", "message": "[req_1bf28b3dd45b] GET /admin/ -> 200 (0.07s) [sultan (sultan@gmail.com)]"}
{"timestamp": null, "level": null, "name": "apps.core.request", "message": "[req_77a04f5806c2] GET /favicon.ico -> 404 (0.06s) [sultan (sultan@gmail.com)]"}
{"timestamp": null, "level": null, "name": "apps.core.request", "message": "[req_f67bd7e2abb2] GET /favicon.ico -> 404 (0.02s) [sultan (sultan@gmail.com)]"}
{"timestamp": null, "level": null, "name": "apps.core.request", "message": "[req_fdb0ccbb9e29] GET /admin/ -> 302 (0.00s) [anonymous]"}
{"timestamp": null, "level": null, "name": "apps.core.request", "message": "[req_f97ec0b7843f] GET /admin/login/ -> 200 (0.01s) [anonymous]"}
{"timestamp": null, "level": null, "name": "apps.core.request", "message": "[req_ceb853d75b9f] POST /admin/login/ -> 302 (0.49s) [sultan (sultan@gmail.com)]"}
{"timestamp": null, "level": null, "name": "apps.core.request", "message": "[req_2efb50cb324d] GET /admin/ -> 200 (0.03s) [sultan (sultan@gmail.com)]"}
{"timestamp": null, "level": null, "name": "apps.core.request", "message": "[req_72cb239bca13] GET /admin/ -> 200 (0.05s) [sultan (sultan@gmail.com)]"}
{"timestamp": null, "level": null, "name": "apps.core.request", "message": "[req_22871b294a52] GET /favicon.ico -> 404 (0.03s) [sultan (sultan@gmail.com)]"}
{"timestamp": null, "level": null, "name": "apps.core.request", "message": "[req_9e1c666c45e2] GET /admin/ -> 200 (0.04s) [sultan (sultan@gmail.com)]"}
{"timestamp": null, "level": null, "name": "apps.core.request", "message": "[req_5703b208a2da] GET /favicon.ico -> 404 (0.02s) [sultan (sultan@gmail.com)]"}
{"timestamp": null, "level": null, "name": "apps.core.request", "message": "[req_43bc701af922] GET /admin/ -> 200 (0.04s) [sultan (sultan@gmail.com)]"}
{"timestamp": null, "level": null, "name": "apps.core.request", "message": "[req_58ee45e2864a] GET /admin/ -> 200 (0.08s) [sultan (sultan@gmail.com)]"}
{"timestamp": null, "level": null, "name": "apps.core.request", "message": "[req_9b87e59e857e] GET /favicon.ico -> 404 (0.07s) [sultan (sultan@gmail.com)]"}
{"timestamp": null, "level": null, "name": "apps.core.request", "message": "[req_32031425560c] GET /admin/ -> 200 (0.08s) [sultan (sultan@gmail.com)]"}
{"timestamp": null, "level": null, "name": "apps.core.request", "message": "[req_60b5c16d0f75] GET /admin/ -> 200 (0.07s) [sultan (sultan@gmail.com)]"}
{"timestamp": null, "level": null, "name": "apps.core.request", "message": "[req_9f44eb99f248] GET /admin/ -> 200 (0.06s) [sultan (sultan@gmail.com)]"}
{"timestamp": null, "level": null, "name": "apps.core.request", "message": "[req_8556dfa23eb8] GET /admin/ -> 200 (0.06s) [sultan (sultan@gmail.com)]"}
{"timestamp": null, "level": null, "name": "apps.core.request", "message": "[req_09b807ba3d84] GET /admin/ -> 200 (0.06s) [sultan (sultan@gmail.com)]"}
{"timestamp": null, "level": null, "name": "apps.core.request", "message": "[req_7ded0254e414] GET /admin/ -> 200 (0.09s) [sultan (sultan@gmail.com)]"}
{"timestamp": null, "level": null, "name": "apps.core.request", "message": "[req_080423e76a95] GET /favicon.ico -> 404 (0.04s) [sultan (sultan@gmail.com)]"}
{"timestamp": null, "level": null, "name": "apps.core.request", "message": "[req_686d9b3ea2f8] GET /admin/ -> 200 (0.06s) [sultan (sultan@gmail.com)]"}
{"timestamp": null, "level": null, "name": "apps.core.request", "message": "[req_020b79ce5867] GET /admin/ -> 200 (0.06s) [sultan (sultan@gmail.com)]"}
{"timestamp": null, "level": null, "name": "apps.core.request", "message": "[req_49e9844d93ea] GET /admin/ -> 200 (0.06s) [sultan (sultan@gmail.com)]"}
{"timestamp": null, "level": null, "name": "apps.core.request", "message": "[req_413af4d2ead3] GET /admin/ -> 200 (0.07s) [sultan (sultan@gmail.com)]"}
{"timestamp": null, "level": null, "name": "apps.core.request", "message": "[req_5ac26d50a2da] GET /admin/ -> 200 (0.08s) [sultan (sultan@gmail.com)]"}
{"timestamp": null, "level": null, "name": "apps.core.request", "message": "[req_956b07d36a95] GET /admin/ -> 200 (0.07s) [sultan (sultan@gmail.com)]"}
{"timestamp": null, "level": null, "name": "apps.core.request", "message": "[req_1d6268297828] GET /admin/ -> 200 (0.05s) [sultan (sultan@gmail.com)]"}
{"timestamp": null, "level": null, "name": "apps.core.request", "message": "[req_b26bd262d106] GET /admin/ -> 200 (0.06s) [sultan (sultan@gmail.com)]"}
{"timestamp": null, "level": null, "name": "apps.core.request", "message": "[req_a1ae1196fb2a] GET /admin/ -> 200 (0.08s) [sultan (sultan@gmail.com)]"}
{"timestamp": null, "level": null, "name": "apps.core.request", "message": "[req_9a6930e42dca] GET /admin/ -> 200 (0.06s) [sultan (sultan@gmail.com)]"}
{"timestamp": null, "level": null, "name": "apps.core.request", "message": "[req_2c425403fbce] GET /admin/ -> 200 (0.05s) [sultan (sultan@gmail.com)]"}
{"timestamp": null, "level": null, "name": "apps.core.request", "message": "[req_907bfc47c92e] GET /admin/ -> 200 (0.07s) [sultan (sultan@gmail.com)]"}
{"timestamp": null, "level": null, "name": "apps.core.request", "message": "[req_f52b04072d7e] GET /admin/ -> 200 (0.07s) [sultan (sultan@gmail.com)]"}
{"timestamp": null, "level": null, "name": "apps.core.request", "message": "[req_069e65e89c44] GET /admin/ -> 200 (0.06s) [sultan (sultan@gmail.com)]"}
{"timestamp": null, "level": null, "name": "apps.core.request", "message": "[req_2d340357b61e] GET /admin/ -> 200 (0.06s) [sultan (sultan@gmail.com)]"}
{"timestamp": null, "level": null, "name": "apps.core.request", "message": "[req_a986e6b70101] GET /admin/ -> 200 (0.07s) [sultan (sultan@gmail.com)]"}
{"timestamp": null, "level": null, "name": "apps.core.request", "message": "[req_d997ff6db63a] GET /favicon.ico -> 404 (0.05s) [sultan (sultan@gmail.com)]"}
{"timestamp": null, "level": null, "name": "apps.core.request", "message": "[req_5edd4954a4bb] GET /admin/ -> 200 (0.06s) [sultan (sultan@gmail.com)]"}
{"timestamp": null, "level": null, "name": "apps.core.request", "message": "[req_a8d165223ed8] GET /favicon.ico -> 404 (0.02s) [sultan (sultan@gmail.com)]"}
{"timestamp": null, "level": null, "name": "apps.core.request", "message": "[req_017de045f34f] GET /admin/ -> 200 (0.04s) [sultan (sultan@gmail.com)]"}
{"timestamp": null, "level": null, "name": "apps.core.request", "message": "[req_9f94c9a1eda9] GET /admin/ -> 200 (0.05s) [sultan (sultan@gmail.com)]"}
{"timestamp": null, "level": null, "name": "apps.core.request", "message": "[req_f4b54e5a8506] GET /admin/ -> 200 (0.05s) [sultan (sultan@gmail.com)]"}
{"timestamp": null, "level": null, "name": "apps.core.request", "message": "[req_ca61541ad4e8] GET /admin/ -> 200 (0.06s) [sultan (sultan@gmail.com)]"}
{"timestamp": null, "level": null, "name": "apps.core.request", "message": "[req_9f67b77f7e67] GET /admin/ -> 200 (0.05s) [sultan (sultan@gmail.com)]"}
{"timestamp": null, "level": null, "name": "apps.core.request", "message": "[req_db2d79b76268] GET /admin/ -> 200 (0.06s) [sultan (sultan@gmail.com)]"}
{"timestamp": null, "level": null, "name": "apps.core.request", "message": "[req_9be2791975fe] GET /admin/ -> 200 (0.06s) [sultan (sultan@gmail.com)]"}
{"timestamp": null, "level": null, "name": "apps.core.request", "message": "[req_521fed0ca954] GET /admin/ -> 200 (0.06s) [sultan (sultan@gmail.com)]"}
{"timestamp": null, "level": null, "name": "apps.core.request", "message": "[req_9ccb1eac347f] GET /admin/ -> 200 (0.05s) [sultan (sultan@gmail.com)]"}
{"timestamp": null, "level": null, "name": "apps.core.request", "message": "[req_365db572ab01] GET /admin/ -> 200 (0.05s) [sultan (sultan@gmail.com)]"}
{"timestamp": null, "level": null, "name": "apps.core.request", "message": "[req_3075fae8ebb1] GET /admin/ -> 200 (0.05s) [sultan (sultan@gmail.com)]"}
{"timestamp": null, "level": null, "name": "apps.core.request", "message": "[req_d7865fd9eef8] GET /admin/ -> 200 (0.05s) [sultan (sultan@gmail.com)]"}
{"timestamp": null, "level": null, "name": "apps.core.request", "message": "[req_1e3ea5313bac] GET /admin/ -> 200 (0.05s) [sultan (sultan@gmail.com)]"}
{"timestamp": null, "level": null, "name": "apps.core.request", "message": "[req_93c3a4eae7c6] GET /favicon.ico -> 404 (0.04s) [sultan (sultan@gmail.com)]"}
{"timestamp": null, "level": null, "name": "apps.core.request", "message": "[req_a3e1f3e65a68] GET /.well-known/appspecific/com.chrome.devtools.json -> 404 (0.02s) [sultan (sultan@gmail.com)]"}
{"timestamp": null, "level": null, "name": "apps.core.request", "message": "[req_29371907fc8b] GET /admin/login/ -> 200 (0.01s) [anonymous]"}
{"timestamp": null, "level": null, "name": "apps.core.request", "message": "[req_0bc1247aae27] GET /api/v1/health/ -> 200 (0.08s) [anonymous]"}
{"timestamp": null, "level": null, "name": "apps.core.request", "message": "[req_aed2c5e553de] GET /admin/ -> 200 (0.17s) [sultan (sultan@gmail.com)]"}
{"timestamp": null, "level": null, "name": "apps.core.request", "message": "[req_7516f4dc2ccd] GET /.well-known/appspecific/com.chrome.devtools.json -> 404 (0.03s) [sultan (sultan@gmail.com)]"}
{"timestamp": null, "level": null, "name": "apps.core.request", "message": "[req_336ff7502582] GET /admin/users/user/ -> 200 (0.11s) [sultan (sultan@gmail.com)]"}
{"timestamp": null, "level": null, "name": "apps.core.request", "message": "[req_6ca11681de39] GET /admin/jsi18n/ -> 200 (0.04s) [sultan (sultan@gmail.com)]"}
{"timestamp": null, "level": null, "name": "apps.core.request", "message": "[req_6510a1d3b340] GET /admin/users/user/b00e51b0-05f6-410c-80f0-f2651eaa53a6/change/ ERROR: dictionary update sequence element #0 has length 8; 2 is required [sultan (sultan@gmail.com)]"}
{"timestamp": null, "level": null, "name": "apps.core.request", "message": "[req_6510a1d3b340] GET /admin/users/user/b00e51b0-05f6-410c-80f0-f2651eaa53a6/change/ -> 500 (0.53s) [sultan (sultan@gmail.com)]"}
{"timestamp": null, "level": null, "name": "apps.core.request", "message": "[req_0a96aac71e48] GET /admin/users/user/ -> 200 (0.06s) [sultan (sultan@gmail.com)]"}
{"timestamp": null, "level": null, "name": "apps.core.request", "message": "[req_3e7d88dcdb97] GET /admin/axes/accessattempt/ -> 200 (0.05s) [sultan (sultan@gmail.com)]"}
{"timestamp": null, "level": null, "name": "apps.core.request", "message": "[req_8f9ec23f0cf8] GET /admin/jsi18n/ -> 200 (0.01s) [sultan (sultan@gmail.com)]"}
{"timestamp": null, "level": null, "name": "apps.core.request", "message": "[req_0ed0e23a8f7e] GET /admin/axes/accesslog/ -> 200 (0.06s) [sultan (sultan@gmail.com)]"}
{"timestamp": null, "level": null, "name": "apps.core.request", "message": "[req_baceab73c16f] GET /admin/jsi18n/ -> 200 (0.01s) [sultan (sultan@gmail.com)]"}
{"timestamp": null, "level": null, "name": "apps.core.request", "message": "[req_a8b38843f968] GET /admin/users/twofactorauth/ -> 200 (0.04s) [sultan (sultan@gmail.com)]"}
{"timestamp": null, "level": null, "name": "apps.core.request", "message": "[req_2922eb3a81c1] GET /admin/jsi18n/ -> 200 (0.01s) [sultan (sultan@gmail.com)]"}
{"timestamp": null, "level": null, "name": "apps.core.request", "message": "[req_1b12f0112ab0] GET /admin/users/userotp/ -> 200 (0.04s) [sultan (sultan@gmail.com)]"}
{"timestamp": null, "level": null, "name": "apps.core.request", "message": "[req_b7a0d1e42d7f] GET /admin/jsi18n/ -> 200 (0.01s) [sultan (sultan@gmail.com)]"}
{"timestamp": null, "level": null, "name": "apps.core.request", "message": "[req_e196d139548e] GET /admin/users/usersession/ -> 200 (0.05s) [sultan (sultan@gmail.com)]"}
{"timestamp": null, "level": null, "name": "apps.core.request", "message": "[req_ff9559d460c8] GET /admin/jsi18n/ -> 200 (0.01s) [sultan (sultan@gmail.com)]"}
{"timestamp": null, "level": null, "name": "apps.core.request", "message": "[req_bb54c39c9ba4] GET /admin/users/permissiongroup/ -> 200 (0.04s) [sultan (sultan@gmail.com)]"}
{"timestamp": null, "level": null, "name": "apps.core.request", "message": "[req_8ed92f6f2297] GET /admin/jsi18n/ -> 200 (0.01s) [sultan (sultan@gmail.com)]"}
{"timestamp": null, "level": null, "name": "apps.core.request", "message": "[req_e40849666bbe] GET /admin/users/userpermission/ -> 200 (0.04s) [sultan (sultan@gmail.com)]"}
{"timestamp": null, "level": null, "name": "apps.core.request", "message": "[req_29313071649c] GET /admin/jsi18n/ -> 200 (0.01s) [sultan (sultan@gmail.com)]"}
{"timestamp": null, "level": null, "name": "apps.core.request", "message": "[req_bb664d44170d] GET /admin/users/usergroup/ -> 200 (0.04s) [sultan (sultan@gmail.com)]"}
{"timestamp": null, "level": null, "name": "apps.core.request", "message": "[req_6d955b593ce8] GET /admin/jsi18n/ -> 200 (0.01s) [sultan (sultan@gmail.com)]"}
{"timestamp": null, "level": null, "name": "apps.core.request", "message": "[req_f475728f2230] GET /admin/users/user/ -> 200 (0.06s) [sultan (sultan@gmail.com)]"}
{"timestamp": null, "level": null, "name": "apps.core.request", "message": "[req_ea807ffc8a69] GET /admin/jsi18n/ -> 200 (0.01s) [sultan (sultan@gmail.com)]"}
{"timestamp": null, "level": null, "name": "apps.core.request", "message": "[req_4d7fdc48a208] GET /admin/users/usergroup/ -> 200 (0.03s) [sultan (sultan@gmail.com)]"}
{"timestamp": null, "level": null, "name": "apps.core.request", "message": "[req_cdbc8827628d] GET /admin/jsi18n/ -> 200 (0.01s) [sultan (sultan@gmail.com)]"}
{"timestamp": null, "level": null, "name": "apps.core.request", "message": "[req_eb780458ae72] GET /admin/users/usergroup/add/ ERROR: dictionary update sequence element #0 has length 8; 2 is required [sultan (sultan@gmail.com)]"}
{"timestamp": null, "level": null, "name": "apps.core.request", "message": "[req_eb780458ae72] GET /admin/users/usergroup/add/ -> 500 (0.27s) [sultan (sultan@gmail.com)]"}
{"timestamp": null, "level": null, "name": "apps.core.request", "message": "[req_ce388d1a22d1] GET /admin/users/usergroup/ -> 200 (0.03s) [sultan (sultan@gmail.com)]"}
{"timestamp": null, "level": null, "name": "apps.core.request", "message": "[req_4cd5657deb0d] GET /admin/ -> 200 (0.04s) [sultan (sultan@gmail.com)]"}
{"timestamp": null, "level": null, "name": "apps.core.request", "message": "[req_dc1fe34fa7bb] GET /admin/ -> 200 (0.18s) [sultan (sultan@gmail.com)]"}
{"timestamp": null, "level": null, "name": "apps.core.request", "message": "[req_109abba16ba3] GET /admin/ -> 200 (0.04s) [sultan (sultan@gmail.com)]"}
{"timestamp": null, "level": null, "name": "apps.core.request", "message": "[req_aece3cb70f56] GET /admin/ -> 200 (0.04s) [sultan (sultan@gmail.com)]"}
{"timestamp": null, "level": null, "name": "apps.core.request", "message": "[req_85cc2950955a] GET /admin/ -> 200 (0.16s) [sultan (sultan@gmail.com)]"}
{"timestamp": null, "level": null, "name": "apps.core.request", "message": "[req_a5a5b7cb2697] GET /admin/ -> 200 (0.04s) [sultan (sultan@gmail.com)]"}
{"timestamp": null, "level": null, "name": "apps.core.request", "message": "[req_eddb939c1808] GET /favicon.ico -> 404 (0.02s) [sultan (sultan@gmail.com)]"}
{"timestamp": null, "level": null, "name": "apps.core.request", "message": "[req_63fae3006c2e] GET /admin/login/ -> 200 (0.08s) [anonymous]"}
{"timestamp": null, "level": null, "name": "apps.core.request", "message": "[req_6c608e431573] GET /admin/ -> 200 (0.07s) [sultan (sultan@gmail.com)]"}
{"timestamp": null, "level": null, "name": "apps.users.models", "message": "User created: apiadmin@example.com (ID: a27da500-5722-4e62-bb0b-59a62c5f937d)"}
{"timestamp": null, "level": null, "name": "apps.users.models", "message": "[LOGIN] apiadmin@example.com from 127.0.0.1"}
{"timestamp": null, "level": null, "name": "apps.core.request", "message": "[req_36d85342b894] POST /api/v1/auth/login/ -> 200 (0.51s) [anonymous]"}
{"timestamp": null, "level": null, "name": "apps.core.request", "message": "[req_d7a6f83129cc] POST /api/v1/auth/login/ -> 400 (0.50s) [apiadmin (apiadmin@example.com)]"}
{"timestamp": null, "level": null, "name": "apps.core.request", "message": "[req_7116018906d6] GET /admin/users/permissiongroup/ -> 200 (0.05s) [sultan (sultan@gmail.com)]"}
{"timestamp": null, "level": null, "name": "apps.users.models", "message": "User created: apiadmin@example.com (ID: 9ce2adca-1215-4a54-9dd9-a504757f62fb)"}
{"timestamp": null, "level": null, "name": "apps.core.request", "message": "[req_89c9780b1788] GET /admin/jsi18n/ -> 200 (0.04s) [sultan (sultan@gmail.com)]"}
{"timestamp": null, "level": null, "name": "apps.users.models", "message": "[LOGIN] apiadmin@example.com from 127.0.0.1"}
{"timestamp": null, "level": null, "name": "apps.core.request", "message": "[req_32ba745db05f] POST /api/v1/auth/login/ -> 200 (0.50s) [anonymous]"}
{"timestamp": null, "level": null, "name": "apps.core.request", "message": "[req_fd273dd7e325] POST /api/v1/auth/login/ -> 400 (0.00s) [apiadmin (apiadmin@example.com)]"}
{"timestamp": null, "level": null, "name": "apps.users.models", "message": "User created: apiadmin@example.com (ID: 679c1add-93e4-4303-8bc9-bc7412f29d86)"}
{"timestamp": null, "level": null, "name": "apps.users.models", "message": "[LOGIN] apiadmin@example.com from 127.0.0.1"}
{"timestamp": null, "level": null, "name": "apps.core.request", "message": "[req_56d56aa7f73e] POST /api/v1/auth/login/ -> 200 (0.50s) [anonymous]"}
{"timestamp": null, "level": null, "name": "apps.core.request", "message": "[req_71d4c9d6b026] GET /admin/users/permissiongroup/add/ -> 200 (0.06s) [sultan (sultan@gmail.com)]"}
{"timestamp": null, "level": null, "name": "apps.core.request", "message": "[req_582c7b9ce864] GET /admin/jsi18n/ -> 200 (0.02s) [sultan (sultan@gmail.com)]"}
{"timestamp": null, "level": null, "name": "apps.users.models", "message": "[LOGIN] apiadmin@example.com from 127.0.0.1"}
{"timestamp": null, "level": null, "name": "apps.core.request", "message": "[req_947b85da9f44] POST /api/v1/auth/login/ -> 200 (0.55s) [apiadmin (apiadmin@example.com)]"}
{"timestamp": null, "level": null, "name": "apps.users.models", "message": "User created: apiadmin@example.com (ID: 8bf5f3ba-59ad-4377-b96d-e39a16248586)"}
{"timestamp": null, "level": null, "name": "apps.users.models", "message": "[LOGIN] apiadmin@example.com from 127.0.0.1"}
{"timestamp": null, "level": null, "name": "apps.core.request", "message": "[req_c9f47103c349] POST /api/v1/auth/login/ -> 200 (0.49s) [anonymous]"}
{"timestamp": null, "level": null, "name": "apps.users.models", "message": "User created: new@example.com (ID: e01402b4-6204-40eb-b8cd-969013e251be)"}
{"timestamp": null, "level": null, "name": "apps.core.request", "message": "[req_8a7f4863689a] POST /api/v1/auth/register/ -> 201 (0.48s) [apiadmin (apiadmin@example.com)]"}
{"timestamp": null, "level": null, "name": "apps.users.models", "message": "User created: apiadmin@example.com (ID: 75e20abc-69e0-476c-945d-809efb7b4bff)"}
{"timestamp": null, "level": null, "name": "apps.users.models", "message": "[LOGIN] apiadmin@example.com from 127.0.0.1"}
{"timestamp": null, "level": null, "name": "apps.core.request", "message": "[req_11e3139ace36] POST /api/v1/auth/login/ -> 200 (0.49s) [anonymous]"}
{"timestamp": null, "level": null, "name": "apps.users.models", "message": "[LOGIN] apiadmin@example.com from 127.0.0.1"}
{"timestamp": null, "level": null, "name": "apps.core.request", "message": "[req_ca91daae2553] POST /api/v1/auth/login/ -> 200 (0.49s) [apiadmin (apiadmin@example.com)]"}
{"timestamp": null, "level": null, "name": "apps.core.request", "message": "[req_fa3691344b51] POST /api/v1/auth/refresh/ -> 200 (0.01s) [anonymous]"}
{"timestamp": null, "level": null, "name": "apps.users.models", "message": "User created: apiadmin@example.com (ID: 1a0b6fea-ac60-4a77-89f6-546230d5b38e)"}
{"timestamp": null, "level": null, "name": "apps.users.models", "message": "[LOGIN] apiadmin@example.com from 127.0.0.1"}
{"timestamp": null, "level": null, "name": "apps.core.request", "message": "[req_10c035abe70d] POST /api/v1/auth/login/ -> 200 (0.50s) [anonymous]"}
{"timestamp": null, "level": null, "name": "apps.core.request", "message": "[req_b1ed24125557] GET /api/v1/health/ -> 200 (0.10s) [anonymous]"}
{"timestamp": null, "level": null, "name": "apps.users.models", "message": "User created: apiadmin@example.com (ID: d63dd523-f4d3-4508-862d-3e34628acce6)"}
{"timestamp": null, "level": null, "name": "apps.core.request", "message": "[req_132f7679fb1d] GET /admin/users/userpermission/ -> 200 (0.03s) [sultan (sultan@gmail.com)]"}
{"timestamp": null, "level": null, "name": "apps.core.request", "message": "[req_e7202aace973] GET /admin/jsi18n/ -> 200 (0.02s) [sultan (sultan@gmail.com)]"}
{"timestamp": null, "level": null, "name": "apps.users.models", "message": "[LOGIN] apiadmin@example.com from 127.0.0.1"}
{"timestamp": null, "level": null, "name": "apps.core.request", "message": "[req_573b2889b7da] POST /api/v1/auth/login/ -> 200 (0.52s) [anonymous]"}
{"timestamp": null, "level": null, "name": "apps.core.request", "message": "[req_ce5ce34c1b82] GET /api/v1/health/ -> 200 (0.00s) [anonymous]"}
{"timestamp": null, "level": null, "name": "apps.users.models", "message": "User created: apiadmin@example.com (ID: 210d9bbf-e601-4183-a2b2-6e7f0177b4e4)"}
{"timestamp": null, "level": null, "name": "apps.users.models", "message": "[LOGIN] apiadmin@example.com from 127.0.0.1"}
{"timestamp": null, "level": null, "name": "apps.core.request", "message": "[req_dfca4bce6898] POST /api/v1/auth/login/ -> 200 (0.49s) [anonymous]"}
{"timestamp": null, "level": null, "name": "apps.core.request", "message": "[req_953bb74b58be] GET /api/v1/users/permissions/modules/ -> 200 (0.00s) [apiadmin (apiadmin@example.com)]"}
{"timestamp": null, "level": null, "name": "apps.users.models", "message": "User created: apiadmin@example.com (ID: 09dc2185-ba2f-46ee-9313-f942f86661f4)"}
{"timestamp": null, "level": null, "name": "apps.core.request", "message": "[req_1694366ca182] GET /admin/users/userpermission/add/ -> 200 (0.03s) [sultan (sultan@gmail.com)]"}
{"timestamp": null, "level": null, "name": "apps.core.request", "message": "[req_8e2f827eb065] GET /admin/jsi18n/ -> 200 (0.01s) [sultan (sultan@gmail.com)]"}
{"timestamp": null, "level": null, "name": "apps.users.models", "message": "[LOGIN] apiadmin@example.com from 127.0.0.1"}
{"timestamp": null, "level": null, "name": "apps.core.request", "message": "[req_d25758c4bb2a] POST /api/v1/auth/login/ -> 200 (0.51s) [anonymous]"}
{"timestamp": null, "level": null, "name": "apps.core.request", "message": "[req_9f04c4e8f9a0] GET /api/v1/users/permissions/ -> 200 (0.01s) [apiadmin (apiadmin@example.com)]"}
{"timestamp": null, "level": null, "name": "apps.users.models", "message": "User created: apiadmin@example.com (ID: 7361c7f0-562a-48bd-a23c-018ef8afbd52)"}
{"timestamp": null, "level": null, "name": "apps.users.models", "message": "[LOGIN] apiadmin@example.com from 127.0.0.1"}
{"timestamp": null, "level": null, "name": "apps.core.request", "message": "[req_9cd507eb9c0c] POST /api/v1/auth/login/ -> 200 (0.49s) [anonymous]"}
{"timestamp": null, "level": null, "name": "apps.core.request", "message": "[req_0755029ebf11] GET /api/v1/users/users/me/ -> 401 (0.00s) [anonymous]"}
{"timestamp": null, "level": null, "name": "apps.users.models", "message": "User created: apiadmin@example.com (ID: c0fabb5b-753d-4123-a48b-0772ba424d04)"}
{"timestamp": null, "level": null, "name": "apps.users.models", "message": "[LOGIN] apiadmin@example.com from 127.0.0.1"}
{"timestamp": null, "level": null, "name": "apps.core.request", "message": "[req_2b845473732f] POST /api/v1/auth/login/ -> 200 (0.49s) [anonymous]"}
{"timestamp": null, "level": null, "name": "apps.core.request", "message": "[req_64e6b962e218] GET /api/v1/users/users/me/ -> 200 (0.00s) [apiadmin (apiadmin@example.com)]"}
{"timestamp": null, "level": null, "name": "apps.users.models", "message": "User created: apiadmin@example.com (ID: a9162f59-97d7-40e2-95f6-0aeeeb58764d)"}
{"timestamp": null, "level": null, "name": "apps.users.models", "message": "[LOGIN] apiadmin@example.com from 127.0.0.1"}
{"timestamp": null, "level": null, "name": "apps.core.request", "message": "[req_18a1f75cbcfc] POST /api/v1/auth/login/ -> 200 (0.48s) [anonymous]"}
{"timestamp": null, "level": null, "name": "apps.users.models", "message": "User created: regular@example.com (ID: c80d2069-b355-4e34-8733-d1f93024f9a2)"}
{"timestamp": null, "level": null, "name": "apps.users.models", "message": "[PASSWORD_CHANGE] apiadmin@example.com from 127.0.0.1"}
{"timestamp": null, "level": null, "name": "apps.core.request", "message": "[req_e4bcb772a098] POST /api/v1/users/users/change_password/ -> 200 (0.96s) [apiadmin (apiadmin@example.com)]"}
{"timestamp": null, "level": null, "name": "apps.users.models", "message": "User created: apiadmin@example.com (ID: c452dc8e-2490-470b-abab-20ebe6948675)"}
{"timestamp": null, "level": null, "name": "apps.users.models", "message": "[LOGIN] apiadmin@example.com from 127.0.0.1"}
{"timestamp": null, "level": null, "name": "apps.core.request", "message": "[req_a9325f94c321] POST /api/v1/auth/login/ -> 200 (0.50s) [anonymous]"}
{"timestamp": null, "level": null, "name": "apps.users.models", "message": "User created: regular@example.com (ID: c45ce758-5eb0-48ef-ab6e-1b501f84cf62)"}
{"timestamp": null, "level": null, "name": "apps.core.request", "message": "[req_c9e00523e105] GET /api/v1/users/users/me/ -> 200 (0.00s) [apiadmin (apiadmin@example.com)]"}
{"timestamp": null, "level": null, "name": "apps.users.models", "message": "User created: apiadmin@example.com (ID: e103574c-53b0-4cd1-8920-9f18cb43e473)"}
{"timestamp": null, "level": null, "name": "apps.core.request", "message": "[req_329a5482b374] GET /admin/users/twofactorauth/ -> 200 (0.03s) [sultan (sultan@gmail.com)]"}
{"timestamp": null, "level": null, "name": "apps.users.models", "message": "[LOGIN] apiadmin@example.com from 127.0.0.1"}
{"timestamp": null, "level": null, "name": "apps.core.request", "message": "[req_b8114b8cb8dd] POST /api/v1/auth/login/ -> 200 (0.51s) [anonymous]"}
{"timestamp": null, "level": null, "name": "apps.core.request", "message": "[req_92f01451f63d] GET /admin/jsi18n/ -> 200 (0.02s) [sultan (sultan@gmail.com)]"}
{"timestamp": null, "level": null, "name": "apps.users.models", "message": "User created: regular@example.com (ID: f302db6c-1f91-408b-9a0f-f4bf2edca7e1)"}
{"timestamp": null, "level": null, "name": "apps.core.request", "message": "[req_92e1a7b3f2bf] GET /api/v1/users/users/f302db6c-1f91-408b-9a0f-f4bf2edca7e1/ -> 200 (0.01s) [apiadmin (apiadmin@example.com)]"}
{"timestamp": null, "level": null, "name": "apps.users.models", "message": "User created: apiadmin@example.com (ID: bf1c1b64-7fb1-4964-b26b-dc6a85f1b22e)"}
{"timestamp": null, "level": null, "name": "apps.core.request", "message": "[req_70c2176a0165] GET /admin/users/useractivitylog/ -> 200 (0.05s) [sultan (sultan@gmail.com)]"}
{"timestamp": null, "level": null, "name": "apps.core.request", "message": "[req_0b406e5af939] GET /admin/jsi18n/ -> 200 (0.01s) [sultan (sultan@gmail.com)]"}
{"timestamp": null, "level": null, "name": "apps.users.models", "message": "[LOGIN] apiadmin@example.com from 127.0.0.1"}
{"timestamp": null, "level": null, "name": "apps.core.request", "message": "[req_f06bb9f8a8c4] POST /api/v1/auth/login/ -> 200 (0.53s) [anonymous]"}
{"timestamp": null, "level": null, "name": "apps.users.models", "message": "User created: regular@example.com (ID: f1ccdb54-df44-4256-931a-be3cf47915bb)"}
{"timestamp": null, "level": null, "name": "apps.core.request", "message": "[req_528f61c95e8b] GET /api/v1/users/users/ -> 200 (0.01s) [apiadmin (apiadmin@example.com)]"}
{"timestamp": null, "level": null, "name": "apps.users.models", "message": "User created: apiadmin@example.com (ID: 678686c9-d275-44e6-a60c-4260f841b00d)"}
{"timestamp": null, "level": null, "name": "apps.users.models", "message": "[LOGIN] apiadmin@example.com from 127.0.0.1"}
{"timestamp": null, "level": null, "name": "apps.core.request", "message": "[req_7551d3c316e1] POST /api/v1/auth/login/ -> 200 (0.49s) [anonymous]"}
{"timestamp": null, "level": null, "name": "apps.core.request", "message": "[req_c8d2046e3107] GET /admin/users/usergroup/ -> 200 (0.03s) [sultan (sultan@gmail.com)]"}
{"timestamp": null, "level": null, "name": "apps.core.request", "message": "[req_2a0ff92f9ded] GET /admin/jsi18n/ -> 200 (0.01s) [sultan (sultan@gmail.com)]"}
{"timestamp": null, "level": null, "name": "apps.users.models", "message": "User created: regular@example.com (ID: 7ddd7296-875a-46f4-ae6c-cf7b1a2f445e)"}
{"timestamp": null, "level": null, "name": "apps.users.models", "message": "[PROFILE_UPDATE] apiadmin@example.com from 127.0.0.1"}
{"timestamp": null, "level": null, "name": "apps.core.request", "message": "[req_a01cc9a51150] PUT /api/v1/users/users/update_profile/ -> 200 (0.01s) [apiadmin (apiadmin@example.com)]"}
{"timestamp": null, "level": null, "name": "apps.users.models", "message": "User created: apiadmin@example.com (ID: a5a1f9ce-44b6-4af6-9467-be224bfa89c3)"}
{"timestamp": null, "level": null, "name": "apps.users.models", "message": "[LOGIN] apiadmin@example.com from 127.0.0.1"}
{"timestamp": null, "level": null, "name": "apps.core.request", "message": "[req_bfe064c31f08] POST /api/v1/auth/login/ -> 200 (0.50s) [anonymous]"}
{"timestamp": null, "level": null, "name": "apps.core.request", "message": "[req_aff3cab0d8d2] POST /api/v1/users/groups/ -> 201 (0.01s) [apiadmin (apiadmin@example.com)]"}
{"timestamp": null, "level": null, "name": "apps.core.request", "message": "[req_24d52bf2af66] GET /admin/users/usergroup/add/ -> 200 (0.04s) [sultan (sultan@gmail.com)]"}
{"timestamp": null, "level": null, "name": "apps.core.request", "message": "[req_3765f9ca243e] GET /admin/jsi18n/ -> 200 (0.02s) [sultan (sultan@gmail.com)]"}
{"timestamp": null, "level": null, "name": "apps.users.models", "message": "User created: apiadmin@example.com (ID: 23829f8a-958b-4987-9ac3-5e76082d7010)"}
{"timestamp": null, "level": null, "name": "apps.users.models", "message": "[LOGIN] apiadmin@example.com from 127.0.0.1"}
{"timestamp": null, "level": null, "name": "apps.core.request", "message": "[req_b8da8cf8be48] POST /api/v1/auth/login/ -> 200 (0.50s) [anonymous]"}
{"timestamp": null, "level": null, "name": "apps.core.request", "message": "[req_d9a62a17284a] POST /api/v1/auth/login/ -> 400 (0.49s) [apiadmin (apiadmin@example.com)]"}
{"timestamp": null, "level": null, "name": "apps.users.models", "message": "User created: apiadmin@example.com (ID: e3bcf874-8625-497f-a969-0e7d7cf2d276)"}
{"timestamp": null, "level": null, "name": "apps.users.models", "message": "[LOGIN] apiadmin@example.com from 127.0.0.1"}
{"timestamp": null, "level": null, "name": "apps.core.request", "message": "[req_6a6a77789748] POST /api/v1/auth/login/ -> 200 (0.48s) [anonymous]"}
{"timestamp": null, "level": null, "name": "apps.core.request", "message": "[req_ff12c9341e5c] POST /api/v1/auth/login/ -> 400 (0.00s) [apiadmin (apiadmin@example.com)]"}
{"timestamp": null, "level": null, "name": "apps.users.models", "message": "User created: apiadmin@example.com (ID: 7d56e4fc-defd-4798-90bd-5549c92e42db)"}
{"timestamp": null, "level": null, "name": "apps.users.models", "message": "[LOGIN] apiadmin@example.com from 127.0.0.1"}
{"timestamp": null, "level": null, "name": "apps.core.request", "message": "[req_60d91d9336b9] POST /api/v1/auth/login/ -> 200 (0.48s) [anonymous]"}
{"timestamp": null, "level": null, "name": "apps.users.models", "message": "[LOGIN] apiadmin@example.com from 127.0.0.1"}
{"timestamp": null, "level": null, "name": "apps.core.request", "message": "[req_c50c06facd06] POST /api/v1/auth/login/ -> 200 (0.48s) [apiadmin (apiadmin@example.com)]"}
{"timestamp": null, "level": null, "name": "apps.users.models", "message": "User created: apiadmin@example.com (ID: 1b5acf24-b9fa-4df1-a98c-1c725dbbc222)"}
{"timestamp": null, "level": null, "name": "apps.users.models", "message": "[LOGIN] apiadmin@example.com from 127.0.0.1"}
{"timestamp": null, "level": null, "name": "apps.core.request", "message": "[req_b6b7a6c52368] POST /api/v1/auth/login/ -> 200 (0.48s) [anonymous]"}
{"timestamp": null, "level": null, "name": "apps.users.models", "message": "User created: new@example.com (ID: 41489956-bdf5-4085-8c72-246a34901c7d)"}
{"timestamp": null, "level": null, "name": "apps.core.request", "message": "[req_2ea2732379fc] POST /api/v1/auth/register/ -> 201 (0.48s) [apiadmin (apiadmin@example.com)]"}
{"timestamp": null, "level": null, "name": "apps.users.models", "message": "User created: apiadmin@example.com (ID: e9c3d4ec-b43d-44e5-a452-e9b7a9428c52)"}
{"timestamp": null, "level": null, "name": "apps.users.models", "message": "[LOGIN] apiadmin@example.com from 127.0.0.1"}
{"timestamp": null, "level": null, "name": "apps.core.request", "message": "[req_ee877c0a8b1e] POST /api/v1/auth/login/ -> 200 (0.48s) [anonymous]"}
{"timestamp": null, "level": null, "name": "apps.users.models", "message": "[LOGIN] apiadmin@example.com from 127.0.0.1"}
{"timestamp": null, "level": null, "name": "apps.core.request", "message": "[req_3071fd72d715] POST /api/v1/auth/login/ -> 200 (0.48s) [apiadmin (apiadmin@example.com)]"}
{"timestamp": null, "level": null, "name": "apps.core.request", "message": "[req_ad5f2bd2728d] POST /api/v1/auth/refresh/ -> 200 (0.01s) [anonymous]"}
{"timestamp": null, "level": null, "name": "apps.users.models", "message": "User created: apiadmin@example.com (ID: 3d079d0b-20f8-4519-9f84-711beadbec44)"}
{"timestamp": null, "level": null, "name": "apps.users.models", "message": "[LOGIN] apiadmin@example.com from 127.0.0.1"}
{"timestamp": null, "level": null, "name": "apps.core.request", "message": "[req_e388762f5b27] POST /api/v1/auth/login/ -> 200 (0.48s) [anonymous]"}
{"timestamp": null, "level": null, "name": "apps.core.request", "message": "[req_e27446959064] GET /api/v1/health/ -> 200 (0.07s) [anonymous]"}
{"timestamp": null, "level": null, "name": "apps.users.models", "message": "User created: apiadmin@example.com (ID: 6159e373-ca40-4109-8f70-86d46d81a498)"}
{"timestamp": null, "level": null, "name": "apps.users.models", "message": "[LOGIN] apiadmin@example.com from 127.0.0.1"}
{"timestamp": null, "level": null, "name": "apps.core.request", "message": "[req_099a87c32360] POST /api/v1/auth/login/ -> 200 (0.48s) [anonymous]"}
{"timestamp": null, "level": null, "name": "apps.core.request", "message": "[req_208cc9a601fa] GET /api/v1/health/ -> 200 (0.00s) [anonymous]"}
{"timestamp": null, "level": null, "name": "apps.users.models", "message": "User created: apiadmin@example.com (ID: 3adb5513-163e-4158-9263-25941332996e)"}
{"timestamp": null, "level": null, "name": "apps.users.models", "message": "[LOGIN] apiadmin@example.com from 127.0.0.1"}
{"timestamp": null, "level": null, "name": "apps.core.request", "message": "[req_3f3f28a1e15a] POST /api/v1/auth/login/ -> 200 (0.48s) [anonymous]"}
{"timestamp": null, "level": null, "name": "apps.core.request", "message": "[req_c60034580807] GET /api/v1/users/permissions/modules/ -> 200 (0.00s) [apiadmin (apiadmin@example.com)]"}
{"timestamp": null, "level": null, "name": "apps.users.models", "message": "User created: apiadmin@example.com (ID: 9272ebe7-e9cd-4031-9a6b-1ab465ff8b52)"}
{"timestamp": null, "level": null, "name": "apps.users.models", "message": "[LOGIN] apiadmin@example.com from 127.0.0.1"}
{"timestamp": null, "level": null, "name": "apps.core.request", "message": "[req_2533567b16c9] POST /api/v1/auth/login/ -> 200 (0.49s) [anonymous]"}
{"timestamp": null, "level": null, "name": "apps.core.request", "message": "[req_325324817636] GET /api/v1/users/permissions/ -> 200 (0.01s) [apiadmin (apiadmin@example.com)]"}
{"timestamp": null, "level": null, "name": "apps.users.models", "message": "User created: apiadmin@example.com (ID: 146f8498-5b6c-4d1f-8a29-94ae65756e15)"}
{"timestamp": null, "level": null, "name": "apps.users.models", "message": "[LOGIN] apiadmin@example.com from 127.0.0.1"}
{"timestamp": null, "level": null, "name": "apps.core.request", "message": "[req_1f2b5b3a0f38] POST /api/v1/auth/login/ -> 200 (0.49s) [anonymous]"}
{"timestamp": null, "level": null, "name": "apps.core.request", "message": "[req_861944b2a06b] GET /api/v1/users/users/me/ -> 401 (0.00s) [anonymous]"}
{"timestamp": null, "level": null, "name": "apps.users.models", "message": "User created: apiadmin@example.com (ID: b9c651db-cada-4e6e-8e60-d51a0fcc612f)"}
{"timestamp": null, "level": null, "name": "apps.users.models", "message": "[LOGIN] apiadmin@example.com from 127.0.0.1"}
{"timestamp": null, "level": null, "name": "apps.core.request", "message": "[req_afd26393878c] POST /api/v1/auth/login/ -> 200 (0.48s) [anonymous]"}
{"timestamp": null, "level": null, "name": "apps.core.request", "message": "[req_58bfd865e727] GET /api/v1/users/users/me/ -> 200 (0.00s) [apiadmin (apiadmin@example.com)]"}
{"timestamp": null, "level": null, "name": "apps.users.models", "message": "User created: apiadmin@example.com (ID: 1ea8727b-564a-4fed-a913-79a0b43d66c1)"}
{"timestamp": null, "level": null, "name": "apps.users.models", "message": "[LOGIN] apiadmin@example.com from 127.0.0.1"}
{"timestamp": null, "level": null, "name": "apps.core.request", "message": "[req_e9c323c3f24a] POST /api/v1/auth/login/ -> 200 (0.48s) [anonymous]"}
{"timestamp": null, "level": null, "name": "apps.users.models", "message": "User created: regular@example.com (ID: 3fcf0bd5-e6e9-4855-9411-526921096898)"}
{"timestamp": null, "level": null, "name": "apps.users.models", "message": "[PASSWORD_CHANGE] apiadmin@example.com from 127.0.0.1"}
{"timestamp": null, "level": null, "name": "apps.core.request", "message": "[req_81433cac896c] POST /api/v1/users/users/change_password/ -> 200 (0.95s) [apiadmin (apiadmin@example.com)]"}
{"timestamp": null, "level": null, "name": "apps.users.models", "message": "User created: apiadmin@example.com (ID: 49a27306-f55d-4f61-a117-ab69f782a36c)"}
{"timestamp": null, "level": null, "name": "apps.users.models", "message": "[LOGIN] apiadmin@example.com from 127.0.0.1"}
{"timestamp": null, "level": null, "name": "apps.core.request", "message": "[req_8674d0922192] POST /api/v1/auth/login/ -> 200 (0.48s) [anonymous]"}
{"timestamp": null, "level": null, "name": "apps.users.models", "message": "User created: regular@example.com (ID: 161a55c9-4a72-415e-bcc7-074d0665fbbe)"}
{"timestamp": null, "level": null, "name": "apps.core.request", "message": "[req_86dc02e7d632] GET /api/v1/users/users/me/ -> 200 (0.00s) [apiadmin (apiadmin@example.com)]"}
{"timestamp": null, "level": null, "name": "apps.users.models", "message": "User created: apiadmin@example.com (ID: bc44c3f3-af78-4525-a8a9-722c0a4f1987)"}
{"timestamp": null, "level": null, "name": "apps.users.models", "message": "[LOGIN] apiadmin@example.com from 127.0.0.1"}
{"timestamp": null, "level": null, "name": "apps.core.request", "message": "[req_7af08ebd9655] POST /api/v1/auth/login/ -> 200 (0.48s) [anonymous]"}
{"timestamp": null, "level": null, "name": "apps.users.models", "message": "User created: regular@example.com (ID: 180bb628-cdf5-4439-9bf6-b33c3d118a62)"}
{"timestamp": null, "level": null, "name": "apps.core.request", "message": "[req_ca1ded528740] GET /api/v1/users/users/180bb628-cdf5-4439-9bf6-b33c3d118a62/ -> 200 (0.01s) [apiadmin (apiadmin@example.com)]"}
{"timestamp": null, "level": null, "name": "apps.users.models", "message": "User created: apiadmin@example.com (ID: 5dfbf160-9be9-4aaf-984b-bb94ba78b5e2)"}
{"timestamp": null, "level": null, "name": "apps.users.models", "message": "[LOGIN] apiadmin@example.com from 127.0.0.1"}
{"timestamp": null, "level": null, "name": "apps.core.request", "message": "[req_36ee8f90e055] POST /api/v1/auth/login/ -> 200 (0.48s) [anonymous]"}
{"timestamp": null, "level": null, "name": "apps.users.models", "message": "User created: regular@example.com (ID: 493a2271-4c9f-4571-baf6-37645a65bb13)"}
{"timestamp": null, "level": null, "name": "apps.core.request", "message": "[req_0c47a13cea8a] GET /api/v1/users/users/ -> 200 (0.01s) [apiadmin (apiadmin@example.com)]"}
{"timestamp": null, "level": null, "name": "apps.users.models", "message": "User created: apiadmin@example.com (ID: 39710cce-cc13-4b6f-bab7-404ff02c041c)"}
{"timestamp": null, "level": null, "name": "apps.users.models", "message": "[LOGIN] apiadmin@example.com from 127.0.0.1"}
{"timestamp": null, "level": null, "name": "apps.core.request", "message": "[req_77d595fe49d4] POST /api/v1/auth/login/ -> 200 (0.49s) [anonymous]"}
{"timestamp": null, "level": null, "name": "apps.users.models", "message": "User created: regular@example.com (ID: 50330561-21f7-4200-903b-b160fd5121d2)"}
{"timestamp": null, "level": null, "name": "apps.users.models", "message": "[PROFILE_UPDATE] apiadmin@example.com from 127.0.0.1"}
{"timestamp": null, "level": null, "name": "apps.core.request", "message": "[req_57c6b0edeae3] PUT /api/v1/users/users/update_profile/ -> 200 (0.01s) [apiadmin (apiadmin@example.com)]"}
{"timestamp": null, "level": null, "name": "apps.users.models", "message": "User created: apiadmin@example.com (ID: e1da1eea-d996-4e06-b612-6e7aab8efddb)"}
{"timestamp": null, "level": null, "name": "apps.users.models", "message": "[LOGIN] apiadmin@example.com from 127.0.0.1"}
{"timestamp": null, "level": null, "name": "apps.core.request", "message": "[req_0636bd0f72d4] POST /api/v1/auth/login/ -> 200 (0.50s) [anonymous]"}
{"timestamp": null, "level": null, "name": "apps.core.request", "message": "[req_4f3490cc24b2] POST /api/v1/users/groups/ -> 201 (0.01s) [apiadmin (apiadmin@example.com)]"}
{"timestamp": null, "level": null, "name": "apps.users.models", "message": "User created: apiadmin@example.com (ID: e15106e0-2420-4d79-9aa4-ac2a2cf2cc27)"}
{"timestamp": null, "level": null, "name": "apps.users.models", "message": "[LOGIN] apiadmin@example.com from 127.0.0.1"}
{"timestamp": null, "level": null, "name": "apps.core.request", "message": "[req_1ee205f46117] POST /api/v1/auth/login/ -> 200 (0.50s) [anonymous]"}
{"timestamp": null, "level": null, "name": "apps.core.request", "message": "[req_2cf4cf5c626f] GET /api/v1/users/groups/3e0928c9-72ca-4172-99e5-39bd4d4f6936/ -> 200 (0.01s) [apiadmin (apiadmin@example.com)]"}
{"timestamp": null, "level": null, "name": "apps.users.models", "message": "User created: apiadmin@example.com (ID: 480c9dac-d46d-4f7c-b248-8673d95218f5)"}
{"timestamp": null, "level": null, "name": "apps.users.models", "message": "[LOGIN] apiadmin@example.com from 127.0.0.1"}
{"timestamp": null, "level": null, "name": "apps.core.request", "message": "[req_878def97cd84] POST /api/v1/auth/login/ -> 200 (0.53s) [anonymous]"}
{"timestamp": null, "level": null, "name": "apps.core.request", "message": "[req_7d116741a8fc] GET /api/v1/users/groups/ -> 200 (0.01s) [apiadmin (apiadmin@example.com)]"}
{"timestamp": null, "level": null, "name": "apps.users.models", "message": "User created: test@example.com (ID: 32500c40-097f-42b3-9b6d-2ebdbe7971ce)"}
{"timestamp": null, "level": null, "name": "apps.users.models", "message": "User created: test@example.com (ID: 0805d0fd-ce70-4fe5-8de0-b5a04a8b8315)"}
{"timestamp": null, "level": null, "name": "apps.users.models", "message": "User created: admin2@example.com (ID: cd7ab3f5-8b2d-4e06-89d3-90866c717b47)"}
{"timestamp": null, "level": null, "name": "apps.users.models", "message": "User created: test@example.com (ID: 0e286729-4371-41b3-9ac7-3d1cdcb84cc1)"}
{"timestamp": null, "level": null, "name": "apps.users.models", "message": "User created: test2@example.com (ID: fa3db02f-ea00-46e3-9db5-78e9d642050d)"}
{"timestamp": null, "level": null, "name": "apps.users.models", "message": "User created: test@example.com (ID: 7b1c1c7f-3d21-4d28-b130-f0efdcdb219d)"}
{"timestamp": null, "level": null, "name": "apps.users.models", "message": "Account locked for test@example.com due to 5 failed login attempts"}
{"timestamp": null, "level": null, "name": "apps.users.models", "message": "User created: test@example.com (ID: 07c31653-e6f0-4b19-b22b-fe3f25d42061)"}
{"timestamp": null, "level": null, "name": "apps.users.models", "message": "User created: test@example.com (ID: d93ee953-dffa-402b-bd61-2f40330d89b5)"}
{"timestamp": null, "level": null, "name": "apps.users.models", "message": "User created: otp@example.com (ID: 650dd030-7cd5-4bc8-a270-f188e30e8dcc)"}
{"timestamp": null, "level": null, "name": "apps.users.models", "message": "User created: otp@example.com (ID: 100a963d-7d59-47bd-be55-53c1763d99cf)"}
{"timestamp": null, "level": null, "name": "apps.users.models", "message": "User created: otp@example.com (ID: 01293c4a-7c04-4ed1-9cba-f13263728831)"}
{"timestamp": null, "level": null, "name": "apps.core.request", "message": "[req_a5d6f6e3bc19] GET /admin/ -> 200 (0.14s) [sultan (sultan@gmail.com)]"}
{"timestamp": null, "level": null, "name": "apps.core.request", "message": "[req_986768be2c36] GET /admin/ -> 200 (0.14s) [sultan (sultan@gmail.com)]"}
{"timestamp": null, "level": null, "name": "apps.core.request", "message": "[req_2e19aeda7e92] GET /admin/login/ -> 200 (0.09s) [anonymous]"}
{"timestamp": null, "level": null, "name": "apps.core.request", "message": "[req_2a68bc57066e] GET /admin/login/ -> 200 (0.01s) [anonymous]"}
{"timestamp": null, "level": null, "name": "apps.core.request", "message": "[req_8b8d1957fb49] GET /admin/ -> 200 (0.06s) [sultan (sultan@gmail.com)]"}
{"timestamp": null, "level": null, "name": "apps.core.request", "message": "[req_4bad78ffdd8d] GET /admin/ -> 200 (0.14s) [sultan (sultan@gmail.com)]"}
{"timestamp": null, "level": null, "name": "apps.core.request", "message": "[req_05cbc8717631] GET /admin/user_management/permissiongroup/ -> 200 (0.05s) [sultan (sultan@gmail.com)]"}
{"timestamp": null, "level": null, "name": "apps.core.request", "message": "[req_d04850a7b94d] GET /admin/jsi18n/ -> 200 (0.03s) [sultan (sultan@gmail.com)]"}
{"timestamp": null, "level": null, "name": "apps.core.request", "message": "[req_5a91c068289b] GET /admin/user_management/userpermission/ -> 200 (0.03s) [sultan (sultan@gmail.com)]"}
{"timestamp": null, "level": null, "name": "apps.core.request", "message": "[req_43cfa3be341b] GET /admin/jsi18n/ -> 200 (0.01s) [sultan (sultan@gmail.com)]"}
{"timestamp": null, "level": null, "name": "apps.core.request", "message": "[req_2e3590c470a0] GET /admin/user_management/usergroup/ -> 200 (0.03s) [sultan (sultan@gmail.com)]"}
{"timestamp": null, "level": null, "name": "apps.core.request", "message": "[req_13dd2dceecf7] GET /admin/jsi18n/ -> 200 (0.01s) [sultan (sultan@gmail.com)]"}
{"timestamp": null, "level": null, "name": "apps.core.request", "message": "[req_f82d132056c2] GET /admin/user_management/user/ -> 200 (0.06s) [sultan (sultan@gmail.com)]"}
{"timestamp": null, "level": null, "name": "apps.core.request", "message": "[req_5f1ebae21d78] GET /admin/jsi18n/ -> 200 (0.01s) [sultan (sultan@gmail.com)]"}
{"timestamp": null, "level": null, "name": "apps.core.request", "message": "[req_0369481e05a5] GET /admin/security_management/twofactorauth/ -> 200 (0.03s) [sultan (sultan@gmail.com)]"}
{"timestamp": null, "level": null, "name": "apps.core.request", "message": "[req_4fcac39f777b] GET /admin/jsi18n/ -> 200 (0.01s) [sultan (sultan@gmail.com)]"}
{"timestamp": null, "level": null, "name": "apps.core.request", "message": "[req_ce16f9c8222a] GET /admin/security_management/userotp/ -> 200 (0.03s) [sultan (sultan@gmail.com)]"}
{"timestamp": null, "level": null, "name": "apps.core.request", "message": "[req_9c3c0f387d0d] GET /admin/jsi18n/ -> 200 (0.01s) [sultan (sultan@gmail.com)]"}
{"timestamp": null, "level": null, "name": "apps.core.request", "message": "[req_e4cbfc637427] GET /admin/security_management/usersession/ -> 200 (0.05s) [sultan (sultan@gmail.com)]"}
{"timestamp": null, "level": null, "name": "apps.core.request", "message": "[req_ab0a05d295d1] GET /admin/jsi18n/ -> 200 (0.01s) [sultan (sultan@gmail.com)]"}
{"timestamp": null, "level": null, "name": "apps.core.request", "message": "[req_7b80972183fe] GET /admin/audit_management/useractivitylog/ -> 200 (0.05s) [sultan (sultan@gmail.com)]"}
{"timestamp": null, "level": null, "name": "apps.core.request", "message": "[req_5d9880958804] GET /admin/jsi18n/ -> 200 (0.02s) [sultan (sultan@gmail.com)]"}
{"timestamp": null, "level": null, "name": "apps.core.request", "message": "[req_c57b2d5540b5] GET /admin/partners/partner/ -> 200 (0.03s) [sultan (sultan@gmail.com)]"}
{"timestamp": null, "level": null, "name": "apps.core.request", "message": "[req_f9c8e86e555b] GET /admin/jsi18n/ -> 200 (0.01s) [sultan (sultan@gmail.com)]"}
{"timestamp": null, "level": null, "name": "apps.core.request", "message": "[req_e0ce664ef65e] GET /admin/axes/accessattempt/ -> 200 (0.05s) [sultan (sultan@gmail.com)]"}
{"timestamp": null, "level": null, "name": "apps.core.request", "message": "[req_25b581e650c2] GET /admin/jsi18n/ -> 200 (0.01s) [sultan (sultan@gmail.com)]"}
{"timestamp": null, "level": null, "name": "apps.core.request", "message": "[req_2c272d343328] GET /admin/axes/accessfailurelog/ -> 200 (0.04s) [sultan (sultan@gmail.com)]"}
{"timestamp": null, "level": null, "name": "apps.core.request", "message": "[req_e85b2ef2f923] GET /admin/jsi18n/ -> 200 (0.01s) [sultan (sultan@gmail.com)]"}
{"timestamp": null, "level": null, "name": "apps.core.request", "message": "[req_a7f24b135cb6] GET /admin/axes/accesslog/ -> 200 (0.05s) [sultan (sultan@gmail.com)]"}
{"timestamp": null, "level": null, "name": "apps.core.request", "message": "[req_fc037db25638] GET /admin/jsi18n/ -> 200 (0.01s) [sultan (sultan@gmail.com)]"}
{"timestamp": null, "level": null, "name": "apps.core.request", "message": "[req_fbcb1dad5141] GET /admin/ -> 200 (0.03s) [sultan (sultan@gmail.com)]"}
{"timestamp": null, "level": null, "name": "apps.users.models", "message": "User created: apiadmin@example.com (ID: e54adef3-d6bc-4252-a4af-9f8cbb92a24c)"}
{"timestamp": null, "level": null, "name": "apps.users.models", "message": "[LOGIN] apiadmin@example.com from 127.0.0.1"}
{"timestamp": null, "level": null, "name": "apps.core.request", "message": "[req_7c6bc1b2ea00] POST /api/v1/auth/login/ -> 200 (0.50s) [anonymous]"}
{"timestamp": null, "level": null, "name": "apps.core.request", "message": "[req_70a0d9eecc8d] POST /api/v1/auth/login/ -> 400 (0.49s) [apiadmin (apiadmin@example.com)]"}
{"timestamp": null, "level": null, "name": "apps.users.models", "message": "User created: apiadmin@example.com (ID: 3998b245-c6b2-40cf-99c5-86024f3f060c)"}
{"timestamp": null, "level": null, "name": "apps.users.models", "message": "[LOGIN] apiadmin@example.com from 127.0.0.1"}
{"timestamp": null, "level": null, "name": "apps.core.request", "message": "[req_c1e1048f664f] POST /api/v1/auth/login/ -> 200 (0.48s) [anonymous]"}
{"timestamp": null, "level": null, "name": "apps.core.request", "message": "[req_f1f96754755b] POST /api/v1/auth/login/ -> 400 (0.00s) [apiadmin (apiadmin@example.com)]"}
{"timestamp": null, "level": null, "name": "apps.users.models", "message": "User created: apiadmin@example.com (ID: cf78c941-e718-495b-a76a-f7335b7bc379)"}
{"timestamp": null, "level": null, "name": "apps.users.models", "message": "[LOGIN] apiadmin@example.com from 127.0.0.1"}
{"timestamp": null, "level": null, "name": "apps.core.request", "message": "[req_3c5cc5468480] POST /api/v1/auth/login/ -> 200 (0.48s) [anonymous]"}
{"timestamp": null, "level": null, "name": "apps.users.models", "message": "[LOGIN] apiadmin@example.com from 127.0.0.1"}
{"timestamp": null, "level": null, "name": "apps.core.request", "message": "[req_4183f1860de3] POST /api/v1/auth/login/ -> 200 (0.48s) [apiadmin (apiadmin@example.com)]"}
{"timestamp": null, "level": null, "name": "apps.users.models", "message": "User created: apiadmin@example.com (ID: 5f5e4fa4-7fa9-4fa6-ac5a-a7f53d6d450b)"}
{"timestamp": null, "level": null, "name": "apps.users.models", "message": "[LOGIN] apiadmin@example.com from 127.0.0.1"}
{"timestamp": null, "level": null, "name": "apps.core.request", "message": "[req_ef349e66f43f] POST /api/v1/auth/login/ -> 200 (0.51s) [anonymous]"}
{"timestamp": null, "level": null, "name": "apps.users.models", "message": "User created: new@example.com (ID: cea8a898-1042-45a2-ba36-a0675e8f7dc6)"}
{"timestamp": null, "level": null, "name": "apps.core.request", "message": "[req_ce7553dc37ba] POST /api/v1/auth/register/ -> 201 (0.50s) [apiadmin (apiadmin@example.com)]"}
{"timestamp": null, "level": null, "name": "apps.users.models", "message": "User created: apiadmin@example.com (ID: 256c5697-a674-4a51-b233-a7dde86fcdd2)"}
{"timestamp": null, "level": null, "name": "apps.users.models", "message": "[LOGIN] apiadmin@example.com from 127.0.0.1"}
{"timestamp": null, "level": null, "name": "apps.core.request", "message": "[req_08bc2ca59f31] POST /api/v1/auth/login/ -> 200 (0.49s) [anonymous]"}
{"timestamp": null, "level": null, "name": "apps.users.models", "message": "[LOGIN] apiadmin@example.com from 127.0.0.1"}
{"timestamp": null, "level": null, "name": "apps.core.request", "message": "[req_5af5f77760f4] POST /api/v1/auth/login/ -> 200 (0.48s) [apiadmin (apiadmin@example.com)]"}
{"timestamp": null, "level": null, "name": "apps.core.request", "message": "[req_43a91d9f91d9] POST /api/v1/auth/refresh/ -> 200 (0.01s) [anonymous]"}
{"timestamp": null, "level": null, "name": "apps.users.models", "message": "User created: apiadmin@example.com (ID: a59c9ae0-8495-4782-8695-f829bb40c27d)"}
{"timestamp": null, "level": null, "name": "apps.users.models", "message": "[LOGIN] apiadmin@example.com from 127.0.0.1"}
{"timestamp": null, "level": null, "name": "apps.core.request", "message": "[req_01f387fc0d43] POST /api/v1/auth/login/ -> 200 (0.49s) [anonymous]"}
{"timestamp": null, "level": null, "name": "apps.core.request", "message": "[req_70f06e3044f7] GET /api/v1/health/ -> 200 (0.07s) [anonymous]"}
{"timestamp": null, "level": null, "name": "apps.users.models", "message": "User created: apiadmin@example.com (ID: d411da40-0f16-4520-8e17-7a8f622305c0)"}
{"timestamp": null, "level": null, "name": "apps.users.models", "message": "[LOGIN] apiadmin@example.com from 127.0.0.1"}
{"timestamp": null, "level": null, "name": "apps.core.request", "message": "[req_f61c4dd43876] POST /api/v1/auth/login/ -> 200 (0.48s) [anonymous]"}
{"timestamp": null, "level": null, "name": "apps.core.request", "message": "[req_8e3b0f45e015] GET /api/v1/health/ -> 200 (0.00s) [anonymous]"}
{"timestamp": null, "level": null, "name": "apps.users.models", "message": "User created: apiadmin@example.com (ID: 75a2a5d4-9a26-4886-a3af-de32421a865a)"}
{"timestamp": null, "level": null, "name": "apps.users.models", "message": "[LOGIN] apiadmin@example.com from 127.0.0.1"}
{"timestamp": null, "level": null, "name": "apps.core.request", "message": "[req_fe3583177291] POST /api/v1/auth/login/ -> 200 (0.48s) [anonymous]"}
{"timestamp": null, "level": null, "name": "apps.core.request", "message": "[req_f089002db99f] GET /api/v1/users/permissions/modules/ -> 200 (0.00s) [apiadmin (apiadmin@example.com)]"}
{"timestamp": null, "level": null, "name": "apps.users.models", "message": "User created: apiadmin@example.com (ID: 92b43410-97f5-42ce-ba2f-e4092a79165b)"}
{"timestamp": null, "level": null, "name": "apps.users.models", "message": "[LOGIN] apiadmin@example.com from 127.0.0.1"}
{"timestamp": null, "level": null, "name": "apps.core.request", "message": "[req_cf185dee3809] POST /api/v1/auth/login/ -> 200 (0.49s) [anonymous]"}
{"timestamp": null, "level": null, "name": "apps.core.request", "message": "[req_0a7f41cc1a14] GET /api/v1/users/permissions/ -> 200 (0.01s) [apiadmin (apiadmin@example.com)]"}
{"timestamp": null, "level": null, "name": "apps.users.models", "message": "User created: apiadmin@example.com (ID: 3ef149d7-5904-4779-a6bf-6a99507baa7a)"}
{"timestamp": null, "level": null, "name": "apps.users.models", "message": "[LOGIN] apiadmin@example.com from 127.0.0.1"}
{"timestamp": null, "level": null, "name": "apps.core.request", "message": "[req_e23c368aad72] POST /api/v1/auth/login/ -> 200 (0.49s) [anonymous]"}
{"timestamp": null, "level": null, "name": "apps.core.request", "message": "[req_960ded362ff8] GET /api/v1/users/users/me/ -> 401 (0.00s) [anonymous]"}
{"timestamp": null, "level": null, "name": "apps.users.models", "message": "User created: apiadmin@example.com (ID: bcae0a10-103d-406e-8dfe-a303e4d426af)"}
{"timestamp": null, "level": null, "name": "apps.users.models", "message": "[LOGIN] apiadmin@example.com from 127.0.0.1"}
{"timestamp": null, "level": null, "name": "apps.core.request", "message": "[req_8740378cc8a8] POST /api/v1/auth/login/ -> 200 (0.48s) [anonymous]"}
{"timestamp": null, "level": null, "name": "apps.core.request", "message": "[req_11ce71c5e578] GET /api/v1/users/users/me/ -> 200 (0.00s) [apiadmin (apiadmin@example.com)]"}
{"timestamp": null, "level": null, "name": "apps.users.models", "message": "User created: apiadmin@example.com (ID: 0157cf33-9848-4e98-aa5e-912440dc3adb)"}
{"timestamp": null, "level": null, "name": "apps.users.models", "message": "[LOGIN] apiadmin@example.com from 127.0.0.1"}
{"timestamp": null, "level": null, "name": "apps.core.request", "message": "[req_14654fbe83d0] POST /api/v1/auth/login/ -> 200 (0.48s) [anonymous]"}
{"timestamp": null, "level": null, "name": "apps.users.models", "message": "User created: regular@example.com (ID: b4b694b5-5fe6-4a4f-aa37-b46fc3ad77b6)"}
{"timestamp": null, "level": null, "name": "apps.users.models", "message": "[PASSWORD_CHANGE] apiadmin@example.com from 127.0.0.1"}
{"timestamp": null, "level": null, "name": "apps.core.request", "message": "[req_486b00c4a988] POST /api/v1/users/users/change_password/ -> 200 (0.95s) [apiadmin (apiadmin@example.com)]"}
{"timestamp": null, "level": null, "name": "apps.users.models", "message": "User created: apiadmin@example.com (ID: 9b81d529-034f-4935-b4b3-1f29f17e92f4)"}
{"timestamp": null, "level": null, "name": "apps.users.models", "message": "[LOGIN] apiadmin@example.com from 127.0.0.1"}
{"timestamp": null, "level": null, "name": "apps.core.request", "message": "[req_701014bcd821] POST /api/v1/auth/login/ -> 200 (0.48s) [anonymous]"}
{"timestamp": null, "level": null, "name": "apps.users.models", "message": "User created: regular@example.com (ID: f6c2b569-82e8-4b86-b6ce-ad4345bd3d2e)"}
{"timestamp": null, "level": null, "name": "apps.core.request", "message": "[req_c1b3ca6f717e] GET /api/v1/users/users/me/ -> 200 (0.00s) [apiadmin (apiadmin@example.com)]"}
{"timestamp": null, "level": null, "name": "apps.users.models", "message": "User created: apiadmin@example.com (ID: 73a73050-66f4-458d-b95b-a9ff7ba8f495)"}
{"timestamp": null, "level": null, "name": "apps.users.models", "message": "[LOGIN] apiadmin@example.com from 127.0.0.1"}
{"timestamp": null, "level": null, "name": "apps.core.request", "message": "[req_25a57c90e650] POST /api/v1/auth/login/ -> 200 (0.48s) [anonymous]"}
{"timestamp": null, "level": null, "name": "apps.users.models", "message": "User created: regular@example.com (ID: 76410cc4-460c-4025-8d52-f43bb65934e4)"}
{"timestamp": null, "level": null, "name": "apps.core.request", "message": "[req_821708d86d73] GET /api/v1/users/users/76410cc4-460c-4025-8d52-f43bb65934e4/ -> 200 (0.01s) [apiadmin (apiadmin@example.com)]"}
{"timestamp": null, "level": null, "name": "apps.users.models", "message": "User created: apiadmin@example.com (ID: a7875ef5-4c97-4e4b-86b8-13bf642b87c9)"}
{"timestamp": null, "level": null, "name": "apps.users.models", "message": "[LOGIN] apiadmin@example.com from 127.0.0.1"}
{"timestamp": null, "level": null, "name": "apps.core.request", "message": "[req_2618cef8631a] POST /api/v1/auth/login/ -> 200 (0.48s) [anonymous]"}
{"timestamp": null, "level": null, "name": "apps.users.models", "message": "User created: regular@example.com (ID: 080875ab-e548-4c8f-b4f0-1d498fb4d041)"}
{"timestamp": null, "level": null, "name": "apps.core.request", "message": "[req_3cccc4c73cc2] GET /api/v1/users/users/ -> 200 (0.01s) [apiadmin (apiadmin@example.com)]"}
{"timestamp": null, "level": null, "name": "apps.users.models", "message": "User created: apiadmin@example.com (ID: 612074dc-9f2c-43c6-b13e-a7a7824e3e6b)"}
{"timestamp": null, "level": null, "name": "apps.users.models", "message": "[LOGIN] apiadmin@example.com from 127.0.0.1"}
{"timestamp": null, "level": null, "name": "apps.core.request", "message": "[req_440324e47508] POST /api/v1/auth/login/ -> 200 (0.48s) [anonymous]"}
{"timestamp": null, "level": null, "name": "apps.users.models", "message": "User created: regular@example.com (ID: 6b0d6aa5-b852-4c34-adaa-bc603addb09f)"}
{"timestamp": null, "level": null, "name": "apps.users.models", "message": "[PROFILE_UPDATE] apiadmin@example.com from 127.0.0.1"}
{"timestamp": null, "level": null, "name": "apps.core.request", "message": "[req_d767b122a181] PUT /api/v1/users/users/update_profile/ -> 200 (0.00s) [apiadmin (apiadmin@example.com)]"}
{"timestamp": null, "level": null, "name": "apps.users.models", "message": "User created: apiadmin@example.com (ID: 5479f674-eeec-42fe-864e-6a3523cdde60)"}
{"timestamp": null, "level": null, "name": "apps.users.models", "message": "[LOGIN] apiadmin@example.com from 127.0.0.1"}
{"timestamp": null, "level": null, "name": "apps.core.request", "message": "[req_2c9627f735bb] POST /api/v1/auth/login/ -> 200 (0.48s) [anonymous]"}
{"timestamp": null, "level": null, "name": "apps.core.request", "message": "[req_7d6c776b0d36] POST /api/v1/users/groups/ -> 201 (0.00s) [apiadmin (apiadmin@example.com)]"}
{"timestamp": null, "level": null, "name": "apps.users.models", "message": "User created: apiadmin@example.com (ID: 0fcb62ea-38e4-41b0-bc22-c1c46ff749be)"}
{"timestamp": null, "level": null, "name": "apps.users.models", "message": "[LOGIN] apiadmin@example.com from 127.0.0.1"}
{"timestamp": null, "level": null, "name": "apps.core.request", "message": "[req_d317cde0a8fd] POST /api/v1/auth/login/ -> 200 (0.48s) [anonymous]"}
{"timestamp": null, "level": null, "name": "apps.core.request", "message": "[req_1af814028428] GET /api/v1/users/groups/8b67da24-e646-43a9-ab78-54de979cfc3a/ -> 200 (0.01s) [apiadmin (apiadmin@example.com)]"}
{"timestamp": null, "level": null, "name": "apps.users.models", "message": "User created: apiadmin@example.com (ID: a9f2da5e-c576-46d0-92f1-3ec5f6974a6c)"}
{"timestamp": null, "level": null, "name": "apps.users.models", "message": "[LOGIN] apiadmin@example.com from 127.0.0.1"}
{"timestamp": null, "level": null, "name": "apps.core.request", "message": "[req_037ae69b3b2f] POST /api/v1/auth/login/ -> 200 (0.48s) [anonymous]"}
{"timestamp": null, "level": null, "name": "apps.core.request", "message": "[req_ed572b0af9ea] GET /api/v1/users/groups/ -> 200 (0.00s) [apiadmin (apiadmin@example.com)]"}
{"timestamp": null, "level": null, "name": "apps.users.models", "message": "User created: test@example.com (ID: 1df22262-eab9-42c7-a173-57748bc3b30d)"}
{"timestamp": null, "level": null, "name": "apps.users.models", "message": "User created: test@example.com (ID: 69127a3a-5978-4366-86e1-8b7f9ac8deae)"}
{"timestamp": null, "level": null, "name": "apps.users.models", "message": "User created: admin2@example.com (ID: 37590c4d-8a1e-4917-a4e2-f2544e7a5b31)"}
{"timestamp": null, "level": null, "name": "apps.users.models", "message": "User created: test@example.com (ID: 21bb5a8c-c22b-4285-b158-01f10f450284)"}
{"timestamp": null, "level": null, "name": "apps.users.models", "message": "User created: test2@example.com (ID: 7f21c931-eff0-4fa0-89dd-ef1678d48e19)"}
{"timestamp": null, "level": null, "name": "apps.users.models", "message": "User created: test@example.com (ID: e3114828-be0b-4e70-b8a9-94cc1b66206d)"}
{"timestamp": null, "level": null, "name": "apps.users.models", "message": "Account locked for test@example.com due to 5 failed login attempts"}
{"timestamp": null, "level": null, "name": "apps.users.models", "message": "User created: test@example.com (ID: bbd04b97-ae17-4ab2-8bd1-f18ddf131e4c)"}
{"timestamp": null, "level": null, "name": "apps.users.models", "message": "User created: test@example.com (ID: 0b90d67f-5c36-4efb-b9fc-1370b3b4d010)"}
{"timestamp": null, "level": null, "name": "apps.users.models", "message": "User created: otp@example.com (ID: d1117a01-5008-4571-92d2-7a1a39b2bbc5)"}
{"timestamp": null, "level": null, "name": "apps.users.models", "message": "User created: otp@example.com (ID: 0395c25b-4a4f-4df0-a006-6e579ba61cfa)"}
{"timestamp": null, "level": null, "name": "apps.users.models", "message": "User created: otp@example.com (ID: b6889601-404f-4a03-94a3-ee8845ce1097)"}
{"timestamp": null, "level": null, "name": "apps.core.request", "message": "[req_83c7668aa230] GET /admin/login/ -> 200 (0.09s) [anonymous]"}
{"timestamp": null, "level": null, "name": "apps.core.request", "message": "[req_88ce2b30a9de] GET /admin/ -> 302 (0.00s) [anonymous]"}
{"timestamp": null, "level": null, "name": "apps.core.request", "message": "[req_3c25a50ad0e3] GET /admin/ -> 302 (0.00s) [anonymous]"}
{"timestamp": null, "level": null, "name": "apps.core.request", "message": "[req_91ff86d18928] GET /admin/login/ -> 200 (0.00s) [anonymous]"}
{"timestamp": null, "level": null, "name": "apps.core.request", "message": "[req_4865ba870304] GET /admin/ -> 200 (0.06s) [sultan (sultan@gmail.com)]"}
{"timestamp": null, "level": null, "name": "apps.core.request", "message": "[req_f5595b6b80c7] GET /admin/ -> 200 (0.03s) [sultan (sultan@gmail.com)]"}
{"timestamp": null, "level": null, "name": "apps.core.request", "message": "[req_1e603cde8318] GET /admin/ -> 200 (0.03s) [sultan (sultan@gmail.com)]"}
